Workbook

Sheet Dienstplan
A1: Dienstplan 2027
A3: Januar
A4: KW | B4: 53 | E4: 1 | L4: 2 | S4: 3 | Z4: 4
A5: Tag | B5: 1 | C5: 2 | D5: 3 | E5: 4 | F5: 5 | G5: 6 | H5: 7 | I5: 8 | J5: 9 | K5: 10 | L5: 11 | M5: 12 | N5: 13 | O5: 14 | P5: 15 | Q5: 16 | R5: 17 | S5: 18 | T5: 19 | U5: 20 | V5: 21 | W5: 22 | X5: 23 | Y5: 24 | Z5: 25 | AA5: 26 | AB5: 27 | AC5: 28 | AD5: 29 | AE5: 30 | AF5: 31
A6: WT | B6: Fr | C6: Sa | D6: So | E6: Mo | F6: Di | G6: Mi | H6: Do | I6: Fr | J6: Sa | K6: So | L6: Mo | M6: Di | N6: Mi | O6: Do | P6: Fr | Q6: Sa | R6: So | S6: Mo | T6: Di | U6: Mi | V6: Do | W6: Fr | X6: Sa | Y6: So | Z6: Mo | AA6: Di | AB6: Mi | AC6: Do | AD6: Fr | AE6: Sa | AF6: So
A7: Breig
A8: Siebert
A9: Jochim
A10: Wunsch
A11: Göpfrich
A12: Zeller
A13: Behrendt
A14: Krempl
A15: Putschler
A16: Kunz
A17: Schmidt
A18: Radimersky
A19: Besetzung | E19: =IF(AND(COUNTIF(E7:E18,"FI")>0,COUNTIF(E7:E18,"SI")>0,COUNTIF(E7:E18,"NI")>0),"","!") | F19: =IF(AND(COUNTIF(F7:F18,"FI")>0,COUNTIF(F7:F18,"SI")>0,COUNTIF(F7:F18,"NI")>0),"","!") | H19: =IF(AND(COUNTIF(H7:H18,"FI")>0,COUNTIF(H7:H18,"SI")>0,COUNTIF(H7:H18,"NI")>0),"","!") | I19: =IF(AND(COUNTIF(I7:I18,"FI")>0,COUNTIF(I7:I18,"SI")>0),"","!") | L19: =IF(AND(COUNTIF(L7:L18,"FI")>0,COUNTIF(L7:L18,"SI")>0,COUNTIF(L7:L18,"NI")>0),"","!") | M19: =IF(AND(COUNTIF(M7:M18,"FI")>0,COUNTIF(M7:M18,"SI")>0,COUNTIF(M7:M18,"NI")>0),"","!") | N19: =IF(AND(COUNTIF(N7:N18,"FI")>0,COUNTIF(N7:N18,"SI")>0,COUNTIF(N7:N18,"NI")>0),"","!") | O19: =IF(AND(COUNTIF(O7:O18,"FI")>0,COUNTIF(O7:O18,"SI")>0,COUNTIF(O7:O18,"NI")>0),"","!") | P19: =IF(AND(COUNTIF(P7:P18,"FI")>0,COUNTIF(P7:P18,"SI")>0),"","!") | S19: =IF(AND(COUNTIF(S7:S18,"FI")>0,COUNTIF(S7:S18,"SI")>0,COUNTIF(S7:S18,"NI")>0),"","!") | T19: =IF(AND(COUNTIF(T7:T18,"FI")>0,COUNTIF(T7:T18,"SI")>0,COUNTIF(T7:T18,"NI")>0),"","!") | U19: =IF(AND(COUNTIF(U7:U18,"FI")>0,COUNTIF(U7:U18,"SI")>0,COUNTIF(U7:U18,"NI")>0),"","!") | V19: =IF(AND(COUNTIF(V7:V18,"FI")>0,COUNTIF(V7:V18,"SI")>0,COUNTIF(V7:V18,"NI")>0),"","!") | W19: =IF(AND(COUNTIF(W7:W18,"FI")>0,COUNTIF(W7:W18,"SI")>0),"","!") | Z19: =IF(AND(COUNTIF(Z7:Z18,"FI")>0,COUNTIF(Z7:Z18,"SI")>0,COUNTIF(Z7:Z18,"NI")>0),"","!") | AA19: =IF(AND(COUNTIF(AA7:AA18,"FI")>0,COUNTIF(AA7:AA18,"SI")>0,COUNTIF(AA7:AA18,"NI")>0),"","!") | AB19: =IF(AND(COUNTIF(AB7:AB18,"FI")>0,COUNTIF(AB7:AB18,"SI")>0,COUNTIF(AB7:AB18,"NI")>0),"","!") | AC19: =IF(AND(COUNTIF(AC7:AC18,"FI")>0,COUNTIF(AC7:AC18,"SI")>0,COUNTIF(AC7:AC18,"NI")>0),"","!") | AD19: =IF(AND(COUNTIF(AD7:AD18,"FI")>0,COUNTIF(AD7:AD18,"SI")>0),"","!")
P21: Faschingsferien
A22: Februar
A23: KW | B23: 5 | I23: 6 | P23: 7 | W23: 8
A24: Tag | B24: 1 | C24: 2 | D24: 3 | E24: 4 | F24: 5 | G24: 6 | H24: 7 | I24: 8 | J24: 9 | K24: 10 | L24: 11 | M24: 12 | N24: 13 | O24: 14 | P24: 15 | Q24: 16 | R24: 17 | S24: 18 | T24: 19 | U24: 20 | V24: 21 | W24: 22 | X24: 23 | Y24: 24 | Z24: 25 | AA24: 26 | AB24: 27 | AC24: 28
A25: WT | B25: Mo | C25: Di | D25: Mi | E25: Do | F25: Fr | G25: Sa | H25: So | I25: Mo | J25: Di | K25: Mi | L25: Do | M25: Fr | N25: Sa | O25: So | P25: Mo | Q25: Di | R25: Mi | S25: Do | T25: Fr | U25: Sa | V25: So | W25: Mo | X25: Di | Y25: Mi | Z25: Do | AA25: Fr | AB25: Sa | AC25: So
A26: Breig
A27: Siebert
A28: Jochim
A29: Wunsch
A30: Göpfrich
A31: Zeller
A32: Behrendt
A33: Krempl
A34: Putschler
A35: Kunz
A36: Schmidt
A37: Radimersky
A38: Besetzung | B38: =IF(AND(COUNTIF(B26:B37,"FI")>0,COUNTIF(B26:B37,"SI")>0,COUNTIF(B26:B37,"NI")>0),"","!") | C38: =IF(AND(COUNTIF(C26:C37,"FI")>0,COUNTIF(C26:C37,"SI")>0,COUNTIF(C26:C37,"NI")>0),"","!") | D38: =IF(AND(COUNTIF(D26:D37,"FI")>0,COUNTIF(D26:D37,"SI")>0,COUNTIF(D26:D37,"NI")>0),"","!") | E38: =IF(AND(COUNTIF(E26:E37,"FI")>0,COUNTIF(E26:E37,"SI")>0,COUNTIF(E26:E37,"NI")>0),"","!") | F38: =IF(AND(COUNTIF(F26:F37,"FI")>0,COUNTIF(F26:F37,"SI")>0),"","!") | I38: =IF(AND(COUNTIF(I26:I37,"FI")>0,COUNTIF(I26:I37,"SI")>0,COUNTIF(I26:I37,"NI")>0),"","!") | J38: =IF(AND(COUNTIF(J26:J37,"FI")>0,COUNTIF(J26:J37,"SI")>0,COUNTIF(J26:J37,"NI")>0),"","!") | K38: =IF(AND(COUNTIF(K26:K37,"FI")>0,COUNTIF(K26:K37,"SI")>0,COUNTIF(K26:K37,"NI")>0),"","!") | L38: =IF(AND(COUNTIF(L26:L37,"FI")>0,COUNTIF(L26:L37,"SI")>0,COUNTIF(L26:L37,"NI")>0),"","!") | M38: =IF(AND(COUNTIF(M26:M37,"FI")>0,COUNTIF(M26:M37,"SI")>0),"","!") | P38: =IF(AND(COUNTIF(P26:P37,"FI")>0,COUNTIF(P26:P37,"SI")>0,COUNTIF(P26:P37,"NI")>0),"","!") | Q38: =IF(AND(COUNTIF(Q26:Q37,"FI")>0,COUNTIF(Q26:Q37,"SI")>0,COUNTIF(Q26:Q37,"NI")>0),"","!") | R38: =IF(AND(COUNTIF(R26:R37,"FI")>0,COUNTIF(R26:R37,"SI")>0,COUNTIF(R26:R37,"NI")>0),"","!") | S38: =IF(AND(COUNTIF(S26:S37,"FI")>0,COUNTIF(S26:S37,"SI")>0,COUNTIF(S26:S37,"NI")>0),"","!") | T38: =IF(AND(COUNTIF(T26:T37,"FI")>0,COUNTIF(T26:T37,"SI")>0),"","!") | W38: =IF(AND(COUNTIF(W26:W37,"FI")>0,COUNTIF(W26:W37,"SI")>0,COUNTIF(W26:W37,"NI")>0),"","!") | X38: =IF(AND(COUNTIF(X26:X37,"FI")>0,COUNTIF(X26:X37,"SI")>0,COUNTIF(X26:X37,"NI")>0),"","!") | Y38: =IF(AND(COUNTIF(Y26:Y37,"FI")>0,COUNTIF(Y26:Y37,"SI")>0,COUNTIF(Y26:Y37,"NI")>0),"","!") | Z38: =IF(AND(COUNTIF(Z26:Z37,"FI")>0,COUNTIF(Z26:Z37,"SI")>0,COUNTIF(Z26:Z37,"NI")>0),"","!") | AA38: =IF(AND(COUNTIF(AA26:AA37,"FI")>0,COUNTIF(AA26:AA37,"SI")>0),"","!")
AB40: Osterferien
A41: März
A42: KW | B42: 9 | I42: 10 | P42: 11 | W42: 12 | AD42: 13
A43: Tag | B43: 1 | C43: 2 | D43: 3 | E43: 4 | F43: 5 | G43: 6 | H43: 7 | I43: 8 | J43: 9 | K43: 10 | L43: 11 | M43: 12 | N43: 13 | O43: 14 | P43: 15 | Q43: 16 | R43: 17 | S43: 18 | T43: 19 | U43: 20 | V43: 21 | W43: 22 | X43: 23 | Y43: 24 | Z43: 25 | AA43: 26 | AB43: 27 | AC43: 28 | AD43: 29 | AE43: 30 | AF43: 31
A44: WT | B44: Mo | C44: Di | D44: Mi | E44: Do | F44: Fr | G44: Sa | H44: So | I44: Mo | J44: Di | K44: Mi | L44: Do | M44: Fr | N44: Sa | O44: So | P44: Mo | Q44: Di | R44: Mi | S44: Do | T44: Fr | U44: Sa | V44: So | W44: Mo | X44: Di | Y44: Mi | Z44: Do | AA44: Fr | AB44: Sa | AC44: So | AD44: Mo | AE44: Di | AF44: Mi
A45: Breig
A46: Siebert
A47: Jochim
A48: Wunsch
A49: Göpfrich
A50: Zeller
A51: Behrendt
A52: Krempl
A53: Putschler
A54: Kunz
A55: Schmidt
A56: Radimersky
A57: Besetzung | B57: =IF(AND(COUNTIF(B45:B56,"FI")>0,COUNTIF(B45:B56,"SI")>0,COUNTIF(B45:B56,"NI")>0),"","!") | C57: =IF(AND(COUNTIF(C45:C56,"FI")>0,COUNTIF(C45:C56,"SI")>0,COUNTIF(C45:C56,"NI")>0),"","!") | D57: =IF(AND(COUNTIF(D45:D56,"FI")>0,COUNTIF(D45:D56,"SI")>0,COUNTIF(D45:D56,"NI")>0),"","!") | E57: =IF(AND(COUNTIF(E45:E56,"FI")>0,COUNTIF(E45:E56,"SI")>0,COUNTIF(E45:E56,"NI")>0),"","!") | F57: =IF(AND(COUNTIF(F45:F56,"FI")>0,COUNTIF(F45:F56,"SI")>0),"","!") | I57: =IF(AND(COUNTIF(I45:I56,"FI")>0,COUNTIF(I45:I56,"SI")>0,COUNTIF(I45:I56,"NI")>0),"","!") | J57: =IF(AND(COUNTIF(J45:J56,"FI")>0,COUNTIF(J45:J56,"SI")>0,COUNTIF(J45:J56,"NI")>0),"","!") | K57: =IF(AND(COUNTIF(K45:K56,"FI")>0,COUNTIF(K45:K56,"SI")>0,COUNTIF(K45:K56,"NI")>0),"","!") | L57: =IF(AND(COUNTIF(L45:L56,"FI")>0,COUNTIF(L45:L56,"SI")>0,COUNTIF(L45:L56,"NI")>0),"","!") | M57: =IF(AND(COUNTIF(M45:M56,"FI")>0,COUNTIF(M45:M56,"SI")>0),"","!") | P57: =IF(AND(COUNTIF(P45:P56,"FI")>0,COUNTIF(P45:P56,"SI")>0,COUNTIF(P45:P56,"NI")>0),"","!") | Q57: =IF(AND(COUNTIF(Q45:Q56,"FI")>0,COUNTIF(Q45:Q56,"SI")>0,COUNTIF(Q45:Q56,"NI")>0),"","!") | R57: =IF(AND(COUNTIF(R45:R56,"FI")>0,COUNTIF(R45:R56,"SI")>0,COUNTIF(R45:R56,"NI")>0),"","!") | S57: =IF(AND(COUNTIF(S45:S56,"FI")>0,COUNTIF(S45:S56,"SI")>0,COUNTIF(S45:S56,"NI")>0),"","!") | T57: =IF(AND(COUNTIF(T45:T56,"FI")>0,COUNTIF(T45:T56,"SI")>0),"","!") | W57: =IF(AND(COUNTIF(W45:W56,"FI")>0,COUNTIF(W45:W56,"SI")>0,COUNTIF(W45:W56,"NI")>0),"","!") | X57: =IF(AND(COUNTIF(X45:X56,"FI")>0,COUNTIF(X45:X56,"SI")>0,COUNTIF(X45:X56,"NI")>0),"","!") | Y57: =IF(AND(COUNTIF(Y45:Y56,"FI")>0,COUNTIF(Y45:Y56,"SI")>0,COUNTIF(Y45:Y56,"NI")>0),"","!") | Z57: =IF(AND(COUNTIF(Z45:Z56,"FI")>0,COUNTIF(Z45:Z56,"SI")>0,COUNTIF(Z45:Z56,"NI")>0),"","!") | AE57: =IF(AND(COUNTIF(AE45:AE56,"FI")>0,COUNTIF(AE45:AE56,"SI")>0,COUNTIF(AE45:AE56,"NI")>0),"","!") | AF57: =IF(AND(COUNTIF(AF45:AF56,"FI")>0,COUNTIF(AF45:AF56,"SI")>0,COUNTIF(AF45:AF56,"NI")>0),"","!")
B59: Osterferien
A60: April
A61: KW | B61: 13 | F61: 14 | M61: 15 | T61: 16 | AA61: 17
A62: Tag | B62: 1 | C62: 2 | D62: 3 | E62: 4 | F62: 5 | G62: 6 | H62: 7 | I62: 8 | J62: 9 | K62: 10 | L62: 11 | M62: 12 | N62: 13 | O62: 14 | P62: 15 | Q62: 16 | R62: 17 | S62: 18 | T62: 19 | U62: 20 | V62: 21 | W62: 22 | X62: 23 | Y62: 24 | Z62: 25 | AA62: 26 | AB62: 27 | AC62: 28 | AD62: 29 | AE62: 30
A63: WT | B63: Do | C63: Fr | D63: Sa | E63: So | F63: Mo | G63: Di | H63: Mi | I63: Do | J63: Fr | K63: Sa | L63: So | M63: Mo | N63: Di | O63: Mi | P63: Do | Q63: Fr | R63: Sa | S63: So | T63: Mo | U63: Di | V63: Mi | W63: Do | X63: Fr | Y63: Sa | Z63: So | AA63: Mo | AB63: Di | AC63: Mi | AD63: Do | AE63: Fr
A64: Breig
A65: Siebert
A66: Jochim
A67: Wunsch
A68: Göpfrich
A69: Zeller
A70: Behrendt
A71: Krempl
A72: Putschler
A73: Kunz
A74: Schmidt
A75: Radimersky
A76: Besetzung | B76: =IF(AND(COUNTIF(B64:B75,"FI")>0,COUNTIF(B64:B75,"SI")>0,COUNTIF(B64:B75,"NI")>0),"","!") | C76: =IF(AND(COUNTIF(C64:C75,"FI")>0,COUNTIF(C64:C75,"SI")>0),"","!") | F76: =IF(AND(COUNTIF(F64:F75,"FI")>0,COUNTIF(F64:F75,"SI")>0,COUNTIF(F64:F75,"NI")>0),"","!") | G76: =IF(AND(COUNTIF(G64:G75,"FI")>0,COUNTIF(G64:G75,"SI")>0,COUNTIF(G64:G75,"NI")>0),"","!") | H76: =IF(AND(COUNTIF(H64:H75,"FI")>0,COUNTIF(H64:H75,"SI")>0,COUNTIF(H64:H75,"NI")>0),"","!") | I76: =IF(AND(COUNTIF(I64:I75,"FI")>0,COUNTIF(I64:I75,"SI")>0,COUNTIF(I64:I75,"NI")>0),"","!") | J76: =IF(AND(COUNTIF(J64:J75,"FI")>0,COUNTIF(J64:J75,"SI")>0),"","!") | M76: =IF(AND(COUNTIF(M64:M75,"FI")>0,COUNTIF(M64:M75,"SI")>0,COUNTIF(M64:M75,"NI")>0),"","!") | N76: =IF(AND(COUNTIF(N64:N75,"FI")>0,COUNTIF(N64:N75,"SI")>0,COUNTIF(N64:N75,"NI")>0),"","!") | O76: =IF(AND(COUNTIF(O64:O75,"FI")>0,COUNTIF(O64:O75,"SI")>0,COUNTIF(O64:O75,"NI")>0),"","!") | P76: =IF(AND(COUNTIF(P64:P75,"FI")>0,COUNTIF(P64:P75,"SI")>0,COUNTIF(P64:P75,"NI")>0),"","!") | Q76: =IF(AND(COUNTIF(Q64:Q75,"FI")>0,COUNTIF(Q64:Q75,"SI")>0),"","!") | T76: =IF(AND(COUNTIF(T64:T75,"FI")>0,COUNTIF(T64:T75,"SI")>0,COUNTIF(T64:T75,"NI")>0),"","!") | U76: =IF(AND(COUNTIF(U64:U75,"FI")>0,COUNTIF(U64:U75,"SI")>0,COUNTIF(U64:U75,"NI")>0),"","!") | V76: =IF(AND(COUNTIF(V64:V75,"FI")>0,COUNTIF(V64:V75,"SI")>0,COUNTIF(V64:V75,"NI")>0),"","!") | W76: =IF(AND(COUNTIF(W64:W75,"FI")>0,COUNTIF(W64:W75,"SI")>0,COUNTIF(W64:W75,"NI")>0),"","!") | X76: =IF(AND(COUNTIF(X64:X75,"FI")>0,COUNTIF(X64:X75,"SI")>0),"","!") | AA76: =IF(AND(COUNTIF(AA64:AA75,"FI")>0,COUNTIF(AA64:AA75,"SI")>0,COUNTIF(AA64:AA75,"NI")>0),"","!") | AB76: =IF(AND(COUNTIF(AB64:AB75,"FI")>0,COUNTIF(AB64:AB75,"SI")>0,COUNTIF(AB64:AB75,"NI")>0),"","!") | AC76: =IF(AND(COUNTIF(AC64:AC75,"FI")>0,COUNTIF(AC64:AC75,"SI")>0,COUNTIF(AC64:AC75,"NI")>0),"","!") | AD76: =IF(AND(COUNTIF(AD64:AD75,"FI")>0,COUNTIF(AD64:AD75,"SI")>0,COUNTIF(AD64:AD75,"NI")>0),"","!") | AE76: =IF(AND(COUNTIF(AE64:AE75,"FI")>0,COUNTIF(AE64:AE75,"SI")>0),"","!")
R78: Pfingstferien
A79: Mai
A80: KW | B80: 17 | D80: 18 | K80: 19 | R80: 20 | Y80: 21 | AF80: 22
A81: Tag | B81: 1 | C81: 2 | D81: 3 | E81: 4 | F81: 5 | G81: 6 | H81: 7 | I81: 8 | J81: 9 | K81: 10 | L81: 11 | M81: 12 | N81: 13 | O81: 14 | P81: 15 | Q81: 16 | R81: 17 | S81: 18 | T81: 19 | U81: 20 | V81: 21 | W81: 22 | X81: 23 | Y81: 24 | Z81: 25 | AA81: 26 | AB81: 27 | AC81: 28 | AD81: 29 | AE81: 30 | AF81: 31
A82: WT | B82: Sa | C82: So | D82: Mo | E82: Di | F82: Mi | G82: Do | H82: Fr | I82: Sa | J82: So | K82: Mo | L82: Di | M82: Mi | N82: Do | O82: Fr | P82: Sa | Q82: So | R82: Mo | S82: Di | T82: Mi | U82: Do | V82: Fr | W82: Sa | X82: So | Y82: Mo | Z82: Di | AA82: Mi | AB82: Do | AC82: Fr | AD82: Sa | AE82: So | AF82: Mo
A83: Breig
A84: Siebert
A85: Jochim
A86: Wunsch
A87: Göpfrich
A88: Zeller
A89: Behrendt
A90: Krempl
A91: Putschler
A92: Kunz
A93: Schmidt
A94: Radimersky
A95: Besetzung | D95: =IF(AND(COUNTIF(D83:D94,"FI")>0,COUNTIF(D83:D94,"SI")>0,COUNTIF(D83:D94,"NI")>0),"","!") | E95: =IF(AND(COUNTIF(E83:E94,"FI")>0,COUNTIF(E83:E94,"SI")>0,COUNTIF(E83:E94,"NI")>0),"","!") | F95: =IF(AND(COUNTIF(F83:F94,"FI")>0,COUNTIF(F83:F94,"SI")>0,COUNTIF(F83:F94,"NI")>0),"","!") | H95: =IF(AND(COUNTIF(H83:H94,"FI")>0,COUNTIF(H83:H94,"SI")>0),"","!") | K95: =IF(AND(COUNTIF(K83:K94,"FI")>0,COUNTIF(K83:K94,"SI")>0,COUNTIF(K83:K94,"NI")>0),"","!") | L95: =IF(AND(COUNTIF(L83:L94,"FI")>0,COUNTIF(L83:L94,"SI")>0,COUNTIF(L83:L94,"NI")>0),"","!") | M95: =IF(AND(COUNTIF(M83:M94,"FI")>0,COUNTIF(M83:M94,"SI")>0,COUNTIF(M83:M94,"NI")>0),"","!") | N95: =IF(AND(COUNTIF(N83:N94,"FI")>0,COUNTIF(N83:N94,"SI")>0,COUNTIF(N83:N94,"NI")>0),"","!") | O95: =IF(AND(COUNTIF(O83:O94,"FI")>0,COUNTIF(O83:O94,"SI")>0),"","!") | S95: =IF(AND(COUNTIF(S83:S94,"FI")>0,COUNTIF(S83:S94,"SI")>0,COUNTIF(S83:S94,"NI")>0),"","!") | T95: =IF(AND(COUNTIF(T83:T94,"FI")>0,COUNTIF(T83:T94,"SI")>0,COUNTIF(T83:T94,"NI")>0),"","!") | U95: =IF(AND(COUNTIF(U83:U94,"FI")>0,COUNTIF(U83:U94,"SI")>0,COUNTIF(U83:U94,"NI")>0),"","!") | V95: =IF(AND(COUNTIF(V83:V94,"FI")>0,COUNTIF(V83:V94,"SI")>0),"","!") | Y95: =IF(AND(COUNTIF(Y83:Y94,"FI")>0,COUNTIF(Y83:Y94,"SI")>0,COUNTIF(Y83:Y94,"NI")>0),"","!") | Z95: =IF(AND(COUNTIF(Z83:Z94,"FI")>0,COUNTIF(Z83:Z94,"SI")>0,COUNTIF(Z83:Z94,"NI")>0),"","!") | AA95: =IF(AND(COUNTIF(AA83:AA94,"FI")>0,COUNTIF(AA83:AA94,"SI")>0,COUNTIF(AA83:AA94,"NI")>0),"","!") | AC95: =IF(AND(COUNTIF(AC83:AC94,"FI")>0,COUNTIF(AC83:AC94,"SI")>0),"","!") | AF95: =IF(AND(COUNTIF(AF83:AF94,"FI")>0,COUNTIF(AF83:AF94,"SI")>0,COUNTIF(AF83:AF94,"NI")>0),"","!")
A97: Juni
A98: KW | B98: 22 | H98: 23 | O98: 24 | V98: 25 | AC98: 26
A99: Tag | B99: 1 | C99: 2 | D99: 3 | E99: 4 | F99: 5 | G99: 6 | H99: 7 | I99: 8 | J99: 9 | K99: 10 | L99: 11 | M99: 12 | N99: 13 | O99: 14 | P99: 15 | Q99: 16 | R99: 17 | S99: 18 | T99: 19 | U99: 20 | V99: 21 | W99: 22 | X99: 23 | Y99: 24 | Z99: 25 | AA99: 26 | AB99: 27 | AC99: 28 | AD99: 29 | AE99: 30
A100: WT | B100: Di | C100: Mi | D100: Do | E100: Fr | F100: Sa | G100: So | H100: Mo | I100: Di | J100: Mi | K100: Do | L100: Fr | M100: Sa | N100: So | O100: Mo | P100: Di | Q100: Mi | R100: Do | S100: Fr | T100: Sa | U100: So | V100: Mo | W100: Di | X100: Mi | Y100: Do | Z100: Fr | AA100: Sa | AB100: So | AC100: Mo | AD100: Di | AE100: Mi
A101: Breig
A102: Siebert
A103: Jochim
A104: Wunsch
A105: Göpfrich
A106: Zeller
...

Sheet Januar
A1: Dienstplan Januar 2027 | AC1: AT: 19 Sa: 5
A3: Tag | B3: 1 | C3: 2 | D3: 3 | E3: 4 | F3: 5 | G3: 6 | H3: 7 | I3: 8 | J3: 9 | K3: 10 | L3: 11 | M3: 12 | N3: 13 | O3: 14 | P3: 15 | Q3: 16 | R3: 17 | S3: 18 | T3: 19 | U3: 20 | V3: 21 | W3: 22 | X3: 23 | Y3: 24 | Z3: 25 | AA3: 26 | AB3: 27 | AC3: 28 | AD3: 29 | AE3: 30 | AF3: 31
A4: WT | B4: Fr | C4: Sa | D4: So | E4: Mo | F4: Di | G4: Mi | H4: Do | I4: Fr | J4: Sa | K4: So | L4: Mo | M4: Di | N4: Mi | O4: Do | P4: Fr | Q4: Sa | R4: So | S4: Mo | T4: Di | U4: Mi | V4: Do | W4: Fr | X4: Sa | Y4: So | Z4: Mo | AA4: Di | AB4: Mi | AC4: Do | AD4: Fr | AE4: Sa | AF4: So
A5: KW | B5: 53 | E5: 1 | L5: 2 | S5: 3 | Z5: 4
A6: Breig | B6: =IF(Dienstplan!B7="","",Dienstplan!B7) | C6: =IF(Dienstplan!C7="","",Dienstplan!C7) | D6: =IF(Dienstplan!D7="","",Dienstplan!D7) | E6: =IF(Dienstplan!E7="","",Dienstplan!E7) | F6: =IF(Dienstplan!F7="","",Dienstplan!F7) | G6: =IF(Dienstplan!G7="","",Dienstplan!G7) | H6: =IF(Dienstplan!H7="","",Dienstplan!H7) | I6: =IF(Dienstplan!I7="","",Dienstplan!I7) | ... AF6: =IF(Dienstplan!AF7="","",Dienstplan!AF7)
A7: Siebert | B7: =IF(Dienstplan!B8="","",Dienstplan!B8) | C7: =IF(Dienstplan!C8="","",Dienstplan!C8) | D7: =IF(Dienstplan!D8="","",Dienstplan!D8) | E7: =IF(Dienstplan!E8="","",Dienstplan!E8) | F7: =IF(Dienstplan!F8="","",Dienstplan!F8) | G7: =IF(Dienstplan!G8="","",Dienstplan!G8) | H7: =IF(Dienstplan!H8="","",Dienstplan!H8) | I7: =IF(Dienstplan!I8="","",Dienstplan!I8) | ... AF7: =IF(Dienstplan!AF8="","",Dienstplan!AF8)
A8: Jochim | B8: =IF(Dienstplan!B9="","",Dienstplan!B9) | C8: =IF(Dienstplan!C9="","",Dienstplan!C9) | D8: =IF(Dienstplan!D9="","",Dienstplan!D9) | E8: =IF(Dienstplan!E9="","",Dienstplan!E9) | F8: =IF(Dienstplan!F9="","",Dienstplan!F9) | G8: =IF(Dienstplan!G9="","",Dienstplan!G9) | H8: =IF(Dienstplan!H9="","",Dienstplan!H9) | I8: =IF(Dienstplan!I9="","",Dienstplan!I9) | ... AF8: =IF(Dienstplan!AF9="","",Dienstplan!AF9)
A9: Wunsch | B9: =IF(Dienstplan!B10="","",Dienstplan!B10) | C9: =IF(Dienstplan!C10="","",Dienstplan!C10) | D9: =IF(Dienstplan!D10="","",Dienstplan!D10) | E9: =IF(Dienstplan!E10="","",Dienstplan!E10) | F9: =IF(Dienstplan!F10="","",Dienstplan!F10) | G9: =IF(Dienstplan!G10="","",Dienstplan!G10) | H9: =IF(Dienstplan!H10="","",Dienstplan!H10) | I9: =IF(Dienstplan!I10="","",Dienstplan!I10) | ... AF9: =IF(Dienstplan!AF10="","",Dienstplan!AF10)
A10: Göpfrich | B10: =IF(Dienstplan!B11="","",Dienstplan!B11) | C10: =IF(Dienstplan!C11="","",Dienstplan!C11) | D10: =IF(Dienstplan!D11="","",Dienstplan!D11) | E10: =IF(Dienstplan!E11="","",Dienstplan!E11) | F10: =IF(Dienstplan!F11="","",Dienstplan!F11) | G10: =IF(Dienstplan!G11="","",Dienstplan!G11) | H10: =IF(Dienstplan!H11="","",Dienstplan!H11) | I10: =IF(Dienstplan!I11="","",Dienstplan!I11) | ... AF10: =IF(Dienstplan!AF11="","",Dienstplan!AF11)
A11: Zeller | B11: =IF(Dienstplan!B12="","",Dienstplan!B12) | C11: =IF(Dienstplan!C12="","",Dienstplan!C12) | D11: =IF(Dienstplan!D12="","",Dienstplan!D12) | E11: =IF(Dienstplan!E12="","",Dienstplan!E12) | F11: =IF(Dienstplan!F12="","",Dienstplan!F12) | G11: =IF(Dienstplan!G12="","",Dienstplan!G12) | H11: =IF(Dienstplan!H12="","",Dienstplan!H12) | I11: =IF(Dienstplan!I12="","",Dienstplan!I12) | ... AF11: =IF(Dienstplan!AF12="","",Dienstplan!AF12)
A12: Behrendt | B12: =IF(Dienstplan!B13="","",Dienstplan!B13) | C12: =IF(Dienstplan!C13="","",Dienstplan!C13) | D12: =IF(Dienstplan!D13="","",Dienstplan!D13) | E12: =IF(Dienstplan!E13="","",Dienstplan!E13) | F12: =IF(Dienstplan!F13="","",Dienstplan!F13) | G12: =IF(Dienstplan!G13="","",Dienstplan!G13) | H12: =IF(Dienstplan!H13="","",Dienstplan!H13) | I12: =IF(Dienstplan!I13="","",Dienstplan!I13) | ... AF12: =IF(Dienstplan!AF13="","",Dienstplan!AF13)
A13: Krempl | B13: =IF(Dienstplan!B14="","",Dienstplan!B14) | C13: =IF(Dienstplan!C14="","",Dienstplan!C14) | D13: =IF(Dienstplan!D14="","",Dienstplan!D14) | E13: =IF(Dienstplan!E14="","",Dienstplan!E14) | F13: =IF(Dienstplan!F14="","",Dienstplan!F14) | G13: =IF(Dienstplan!G14="","",Dienstplan!G14) | H13: =IF(Dienstplan!H14="","",Dienstplan!H14) | I13: =IF(Dienstplan!I14="","",Dienstplan!I14) | ... AF13: =IF(Dienstplan!AF14="","",Dienstplan!AF14)
A14: Putschler | B14: =IF(Dienstplan!B15="","",Dienstplan!B15) | C14: =IF(Dienstplan!C15="","",Dienstplan!C15) | D14: =IF(Dienstplan!D15="","",Dienstplan!D15) | E14: =IF(Dienstplan!E15="","",Dienstplan!E15) | F14: =IF(Dienstplan!F15="","",Dienstplan!F15) | G14: =IF(Dienstplan!G15="","",Dienstplan!G15) | H14: =IF(Dienstplan!H15="","",Dienstplan!H15) | I14: =IF(Dienstplan!I15="","",Dienstplan!I15) | ... AF14: =IF(Dienstplan!AF15="","",Dienstplan!AF15)
A15: Kunz | B15: =IF(Dienstplan!B16="","",Dienstplan!B16) | C15: =IF(Dienstplan!C16="","",Dienstplan!C16) | D15: =IF(Dienstplan!D16="","",Dienstplan!D16) | E15: =IF(Dienstplan!E16="","",Dienstplan!E16) | F15: =IF(Dienstplan!F16="","",Dienstplan!F16) | G15: =IF(Dienstplan!G16="","",Dienstplan!G16) | H15: =IF(Dienstplan!H16="","",Dienstplan!H16) | I15: =IF(Dienstplan!I16="","",Dienstplan!I16) | ... AF15: =IF(Dienstplan!AF16="","",Dienstplan!AF16)
A16: Schmidt | B16: =IF(Dienstplan!B17="","",Dienstplan!B17) | C16: =IF(Dienstplan!C17="","",Dienstplan!C17) | D16: =IF(Dienstplan!D17="","",Dienstplan!D17) | E16: =IF(Dienstplan!E17="","",Dienstplan!E17) | F16: =IF(Dienstplan!F17="","",Dienstplan!F17) | G16: =IF(Dienstplan!G17="","",Dienstplan!G17) | H16: =IF(Dienstplan!H17="","",Dienstplan!H17) | I16: =IF(Dienstplan!I17="","",Dienstplan!I17) | ... AF16: =IF(Dienstplan!AF17="","",Dienstplan!AF17)
A17: Radimersky | B17: =IF(Dienstplan!B18="","",Dienstplan!B18) | C17: =IF(Dienstplan!C18="","",Dienstplan!C18) | D17: =IF(Dienstplan!D18="","",Dienstplan!D18) | E17: =IF(Dienstplan!E18="","",Dienstplan!E18) | F17: =IF(Dienstplan!F18="","",Dienstplan!F18) | G17: =IF(Dienstplan!G18="","",Dienstplan!G18) | H17: =IF(Dienstplan!H18="","",Dienstplan!H18) | I17: =IF(Dienstplan!I18="","",Dienstplan!I18) | ... AF17: =IF(Dienstplan!AF18="","",Dienstplan!AF18)
A18: Besetzung | E18: =IF(AND(COUNTIF(E6:E17,"FI")>0,COUNTIF(E6:E17,"SI")>0,COUNTIF(E6:E17,"NI")>0),"","!") | F18: =IF(AND(COUNTIF(F6:F17,"FI")>0,COUNTIF(F6:F17,"SI")>0,COUNTIF(F6:F17,"NI")>0),"","!") | H18: =IF(AND(COUNTIF(H6:H17,"FI")>0,COUNTIF(H6:H17,"SI")>0,COUNTIF(H6:H17,"NI")>0),"","!") | I18: =IF(AND(COUNTIF(I6:I17,"FI")>0,COUNTIF(I6:I17,"SI")>0),"","!") | L18: =IF(AND(COUNTIF(L6:L17,"FI")>0,COUNTIF(L6:L17,"SI")>0,COUNTIF(L6:L17,"NI")>0),"","!") | M18: =IF(AND(COUNTIF(M6:M17,"FI")>0,COUNTIF(M6:M17,"SI")>0,COUNTIF(M6:M17,"NI")>0),"","!") | N18: =IF(AND(COUNTIF(N6:N17,"FI")>0,COUNTIF(N6:N17,"SI")>0,COUNTIF(N6:N17,"NI")>0),"","!") | O18: =IF(AND(COUNTIF(O6:O17,"FI")>0,COUNTIF(O6:O17,"SI")>0,COUNTIF(O6:O17,"NI")>0),"","!") | P18: =IF(AND(COUNTIF(P6:P17,"FI")>0,COUNTIF(P6:P17,"SI")>0),"","!") | S18: =IF(AND(COUNTIF(S6:S17,"FI")>0,COUNTIF(S6:S17,"SI")>0,COUNTIF(S6:S17,"NI")>0),"","!") | T18: =IF(AND(COUNTIF(T6:T17,"FI")>0,COUNTIF(T6:T17,"SI")>0,COUNTIF(T6:T17,"NI")>0),"","!") | U18: =IF(AND(COUNTIF(U6:U17,"FI")>0,COUNTIF(U6:U17,"SI")>0,COUNTIF(U6:U17,"NI")>0),"","!") | V18: =IF(AND(COUNTIF(V6:V17,"FI")>0,COUNTIF(V6:V17,"SI")>0,COUNTIF(V6:V17,"NI")>0),"","!") | W18: =IF(AND(COUNTIF(W6:W17,"FI")>0,COUNTIF(W6:W17,"SI")>0),"","!") | Z18: =IF(AND(COUNTIF(Z6:Z17,"FI")>0,COUNTIF(Z6:Z17,"SI")>0,COUNTIF(Z6:Z17,"NI")>0),"","!") | AA18: =IF(AND(COUNTIF(AA6:AA17,"FI")>0,COUNTIF(AA6:AA17,"SI")>0,COUNTIF(AA6:AA17,"NI")>0),"","!") | AB18: =IF(AND(COUNTIF(AB6:AB17,"FI")>0,COUNTIF(AB6:AB17,"SI")>0,COUNTIF(AB6:AB17,"NI")>0),"","!") | AC18: =IF(AND(COUNTIF(AC6:AC17,"FI")>0,COUNTIF(AC6:AC17,"SI")>0,COUNTIF(AC6:AC17,"NI")>0),"","!") | AD18: =IF(AND(COUNTIF(AD6:AD17,"FI")>0,COUNTIF(AD6:AD17,"SI")>0),"","!")
A20: Legende | P20: Unterschriften
A21: U | D21: Urlaub | H21: FII 06:00-14:00 | K21: Frühschicht II | P21: Erstellt von:
A22: EH 08:00-17:00 | D22: Erste Hilfe | H22: SI 14:00-22:00 | K22: Spätschicht I
A23: KU 08:30-16:30 | D23: Kuppenheim | H23: SII 14:00-21:00 | K23: Spätschicht II | P23: Datum / Unterschrift
A24: A | D24: AU | H24: NI 22:00-06:00 | K24: Nachtschicht I
A25: GT | D25: Gleittag | H25: DI 08:00-15:30 | K25: Dienst I | P25: Genehmigt von:
A26: NST | D26: Ausgleichstag | H26: DII 08:30-16:00 | K26: Dienst II
A27: Fobi | D27: Fortbildung | H27: KT IRTAZ | K27: Koordination | P27: Datum / Unterschrift
A28: FI 06:00-14:00 | D28: Frühschicht I | H28: SD Individuell | K28: Sonderdienst
D29: Wochenende / Feiertag

Sheet Februar
A1: Dienstplan Februar 2027 | Z1: AT: 20 Sa: 4
P2: Faschingsferien
A3: Tag | B3: 1 | C3: 2 | D3: 3 | E3: 4 | F3: 5 | G3: 6 | H3: 7 | I3: 8 | J3: 9 | K3: 10 | L3: 11 | M3: 12 | N3: 13 | O3: 14 | P3: 15 | Q3: 16 | R3: 17 | S3: 18 | T3: 19 | U3: 20 | V3: 21 | W3: 22 | X3: 23 | Y3: 24 | Z3: 25 | AA3: 26 | AB3: 27 | AC3: 28
A4: WT | B4: Mo | C4: Di | D4: Mi | E4: Do | F4: Fr | G4: Sa | H4: So | I4: Mo | J4: Di | K4: Mi | L4: Do | M4: Fr | N4: Sa | O4: So | P4: Mo | Q4: Di | R4: Mi | S4: Do | T4: Fr | U4: Sa | V4: So | W4: Mo | X4: Di | Y4: Mi | Z4: Do | AA4: Fr | AB4: Sa | AC4: So
A5: KW | B5: 5 | I5: 6 | P5: 7 | W5: 8
A6: Breig | B6: =IF(Dienstplan!B26="","",Dienstplan!B26) | C6: =IF(Dienstplan!C26="","",Dienstplan!C26) | D6: =IF(Dienstplan!D26="","",Dienstplan!D26) | E6: =IF(Dienstplan!E26="","",Dienstplan!E26) | F6: =IF(Dienstplan!F26="","",Dienstplan!F26) | G6: =IF(Dienstplan!G26="","",Dienstplan!G26) | H6: =IF(Dienstplan!H26="","",Dienstplan!H26) | I6: =IF(Dienstplan!I26="","",Dienstplan!I26) | ... AC6: =IF(Dienstplan!AC26="","",Dienstplan!AC26)
A7: Siebert | B7: =IF(Dienstplan!B27="","",Dienstplan!B27) | C7: =IF(Dienstplan!C27="","",Dienstplan!C27) | D7: =IF(Dienstplan!D27="","",Dienstplan!D27) | E7: =IF(Dienstplan!E27="","",Dienstplan!E27) | F7: =IF(Dienstplan!F27="","",Dienstplan!F27) | G7: =IF(Dienstplan!G27="","",Dienstplan!G27) | H7: =IF(Dienstplan!H27="","",Dienstplan!H27) | I7: =IF(Dienstplan!I27="","",Dienstplan!I27) | ... AC7: =IF(Dienstplan!AC27="","",Dienstplan!AC27)
A8: Jochim | B8: =IF(Dienstplan!B28="","",Dienstplan!B28) | C8: =IF(Dienstplan!C28="","",Dienstplan!C28) | D8: =IF(Dienstplan!D28="","",Dienstplan!D28) | E8: =IF(Dienstplan!E28="","",Dienstplan!E28) | F8: =IF(Dienstplan!F28="","",Dienstplan!F28) | G8: =IF(Dienstplan!G28="","",Dienstplan!G28) | H8: =IF(Dienstplan!H28="","",Dienstplan!H28) | I8: =IF(Dienstplan!I28="","",Dienstplan!I28) | ... AC8: =IF(Dienstplan!AC28="","",Dienstplan!AC28)
A9: Wunsch | B9: =IF(Dienstplan!B29="","",Dienstplan!B29) | C9: =IF(Dienstplan!C29="","",Dienstplan!C29) | D9: =IF(Dienstplan!D29="","",Dienstplan!D29) | E9: =IF(Dienstplan!E29="","",Dienstplan!E29) | F9: =IF(Dienstplan!F29="","",Dienstplan!F29) | G9: =IF(Dienstplan!G29="","",Dienstplan!G29) | H9: =IF(Dienstplan!H29="","",Dienstplan!H29) | I9: =IF(Dienstplan!I29="","",Dienstplan!I29) | ... AC9: =IF(Dienstplan!AC29="","",Dienstplan!AC29)
A10: Göpfrich | B10: =IF(Dienstplan!B30="","",Dienstplan!B30) | C10: =IF(Dienstplan!C30="","",Dienstplan!C30) | D10: =IF(Dienstplan!D30="","",Dienstplan!D30) | E10: =IF(Dienstplan!E30="","",Dienstplan!E30) | F10: =IF(Dienstplan!F30="","",Dienstplan!F30) | G10: =IF(Dienstplan!G30="","",Dienstplan!G30) | H10: =IF(Dienstplan!H30="","",Dienstplan!H30) | I10: =IF(Dienstplan!I30="","",Dienstplan!I30) | ... AC10: =IF(Dienstplan!AC30="","",Dienstplan!AC30)
A11: Zeller | B11: =IF(Dienstplan!B31="","",Dienstplan!B31) | C11: =IF(Dienstplan!C31="","",Dienstplan!C31) | D11: =IF(Dienstplan!D31="","",Dienstplan!D31) | E11: =IF(Dienstplan!E31="","",Dienstplan!E31) | F11: =IF(Dienstplan!F31="","",Dienstplan!F31) | G11: =IF(Dienstplan!G31="","",Dienstplan!G31) | H11: =IF(Dienstplan!H31="","",Dienstplan!H31) | I11: =IF(Dienstplan!I31="","",Dienstplan!I31) | ... AC11: =IF(Dienstplan!AC31="","",Dienstplan!AC31)
A12: Behrendt | B12: =IF(Dienstplan!B32="","",Dienstplan!B32) | C12: =IF(Dienstplan!C32="","",Dienstplan!C32) | D12: =IF(Dienstplan!D32="","",Dienstplan!D32) | E12: =IF(Dienstplan!E32="","",Dienstplan!E32) | F12: =IF(Dienstplan!F32="","",Dienstplan!F32) | G12: =IF(Dienstplan!G32="","",Dienstplan!G32) | H12: =IF(Dienstplan!H32="","",Dienstplan!H32) | I12: =IF(Dienstplan!I32="","",Dienstplan!I32) | ... AC12: =IF(Dienstplan!AC32="","",Dienstplan!AC32)
A13: Krempl | B13: =IF(Dienstplan!B33="","",Dienstplan!B33) | C13: =IF(Dienstplan!C33="","",Dienstplan!C33) | D13: =IF(Dienstplan!D33="","",Dienstplan!D33) | E13: =IF(Dienstplan!E33="","",Dienstplan!E33) | F13: =IF(Dienstplan!F33="","",Dienstplan!F33) | G13: =IF(Dienstplan!G33="","",Dienstplan!G33) | H13: =IF(Dienstplan!H33="","",Dienstplan!H33) | I13: =IF(Dienstplan!I33="","",Dienstplan!I33) | ... AC13: =IF(Dienstplan!AC33="","",Dienstplan!AC33)
A14: Putschler | B14: =IF(Dienstplan!B34="","",Dienstplan!B34) | C14: =IF(Dienstplan!C34="","",Dienstplan!C34) | D14: =IF(Dienstplan!D34="","",Dienstplan!D34) | E14: =IF(Dienstplan!E34="","",Dienstplan!E34) | F14: =IF(Dienstplan!F34="","",Dienstplan!F34) | G14: =IF(Dienstplan!G34="","",Dienstplan!G34) | H14: =IF(Dienstplan!H34="","",Dienstplan!H34) | I14: =IF(Dienstplan!I34="","",Dienstplan!I34) | ... AC14: =IF(Dienstplan!AC34="","",Dienstplan!AC34)
A15: Kunz | B15: =IF(Dienstplan!B35="","",Dienstplan!B35) | C15: =IF(Dienstplan!C35="","",Dienstplan!C35) | D15: =IF(Dienstplan!D35="","",Dienstplan!D35) | E15: =IF(Dienstplan!E35="","",Dienstplan!E35) | F15: =IF(Dienstplan!F35="","",Dienstplan!F35) | G15: =IF(Dienstplan!G35="","",Dienstplan!G35) | H15: =IF(Dienstplan!H35="","",Dienstplan!H35) | I15: =IF(Dienstplan!I35="","",Dienstplan!I35) | ... AC15: =IF(Dienstplan!AC35="","",Dienstplan!AC35)
A16: Schmidt | B16: =IF(Dienstplan!B36="","",Dienstplan!B36) | C16: =IF(Dienstplan!C36="","",Dienstplan!C36) | D16: =IF(Dienstplan!D36="","",Dienstplan!D36) | E16: =IF(Dienstplan!E36="","",Dienstplan!E36) | F16: =IF(Dienstplan!F36="","",Dienstplan!F36) | G16: =IF(Dienstplan!G36="","",Dienstplan!G36) | H16: =IF(Dienstplan!H36="","",Dienstplan!H36) | I16: =IF(Dienstplan!I36="","",Dienstplan!I36) | ... AC16: =IF(Dienstplan!AC36="","",Dienstplan!AC36)
A17: Radimersky | B17: =IF(Dienstplan!B37="","",Dienstplan!B37) | C17: =IF(Dienstplan!C37="","",Dienstplan!C37) | D17: =IF(Dienstplan!D37="","",Dienstplan!D37) | E17: =IF(Dienstplan!E37="","",Dienstplan!E37) | F17: =IF(Dienstplan!F37="","",Dienstplan!F37) | G17: =IF(Dienstplan!G37="","",Dienstplan!G37) | H17: =IF(Dienstplan!H37="","",Dienstplan!H37) | I17: =IF(Dienstplan!I37="","",Dienstplan!I37) | ... AC17: =IF(Dienstplan!AC37="","",Dienstplan!AC37)
A18: Besetzung | B18: =IF(AND(COUNTIF(B6:B17,"FI")>0,COUNTIF(B6:B17,"SI")>0,COUNTIF(B6:B17,"NI")>0),"","!") | C18: =IF(AND(COUNTIF(C6:C17,"FI")>0,COUNTIF(C6:C17,"SI")>0,COUNTIF(C6:C17,"NI")>0),"","!") | D18: =IF(AND(COUNTIF(D6:D17,"FI")>0,COUNTIF(D6:D17,"SI")>0,COUNTIF(D6:D17,"NI")>0),"","!") | E18: =IF(AND(COUNTIF(E6:E17,"FI")>0,COUNTIF(E6:E17,"SI")>0,COUNTIF(E6:E17,"NI")>0),"","!") | F18: =IF(AND(COUNTIF(F6:F17,"FI")>0,COUNTIF(F6:F17,"SI")>0),"","!") | I18: =IF(AND(COUNTIF(I6:I17,"FI")>0,COUNTIF(I6:I17,"SI")>0,COUNTIF(I6:I17,"NI")>0),"","!") | J18: =IF(AND(COUNTIF(J6:J17,"FI")>0,COUNTIF(J6:J17,"SI")>0,COUNTIF(J6:J17,"NI")>0),"","!") | K18: =IF(AND(COUNTIF(K6:K17,"FI")>0,COUNTIF(K6:K17,"SI")>0,COUNTIF(K6:K17,"NI")>0),"","!") | L18: =IF(AND(COUNTIF(L6:L17,"FI")>0,COUNTIF(L6:L17,"SI")>0,COUNTIF(L6:L17,"NI")>0),"","!") | M18: =IF(AND(COUNTIF(M6:M17,"FI")>0,COUNTIF(M6:M17,"SI")>0),"","!") | P18: =IF(AND(COUNTIF(P6:P17,"FI")>0,COUNTIF(P6:P17,"SI")>0,COUNTIF(P6:P17,"NI")>0),"","!") | Q18: =IF(AND(COUNTIF(Q6:Q17,"FI")>0,COUNTIF(Q6:Q17,"SI")>0,COUNTIF(Q6:Q17,"NI")>0),"","!") | R18: =IF(AND(COUNTIF(R6:R17,"FI")>0,COUNTIF(R6:R17,"SI")>0,COUNTIF(R6:R17,"NI")>0),"","!") | S18: =IF(AND(COUNTIF(S6:S17,"FI")>0,COUNTIF(S6:S17,"SI")>0,COUNTIF(S6:S17,"NI")>0),"","!") | T18: =IF(AND(COUNTIF(T6:T17,"FI")>0,COUNTIF(T6:T17,"SI")>0),"","!") | W18: =IF(AND(COUNTIF(W6:W17,"FI")>0,COUNTIF(W6:W17,"SI")>0,COUNTIF(W6:W17,"NI")>0),"","!") | X18: =IF(AND(COUNTIF(X6:X17,"FI")>0,COUNTIF(X6:X17,"SI")>0,COUNTIF(X6:X17,"NI")>0),"","!") | Y18: =IF(AND(COUNTIF(Y6:Y17,"FI")>0,COUNTIF(Y6:Y17,"SI")>0,COUNTIF(Y6:Y17,"NI")>0),"","!") | Z18: =IF(AND(COUNTIF(Z6:Z17,"FI")>0,COUNTIF(Z6:Z17,"SI")>0,COUNTIF(Z6:Z17,"NI")>0),"","!") | AA18: =IF(AND(COUNTIF(AA6:AA17,"FI")>0,COUNTIF(AA6:AA17,"SI")>0),"","!")
A20: Legende | P20: Unterschriften
A21: U | D21: Urlaub | H21: FII 06:00-14:00 | K21: Frühschicht II | P21: Erstellt von:
A22: EH 08:00-17:00 | D22: Erste Hilfe | H22: SI 14:00-22:00 | K22: Spätschicht I
A23: KU 08:30-16:30 | D23: Kuppenheim | H23: SII 14:00-21:00 | K23: Spätschicht II | P23: Datum / Unterschrift
A24: A | D24: AU | H24: NI 22:00-06:00 | K24: Nachtschicht I
A25: GT | D25: Gleittag | H25: DI 08:00-15:30 | K25: Dienst I | P25: Genehmigt von:
A26: NST | D26: Ausgleichstag | H26: DII 08:30-16:00 | K26: Dienst II
A27: Fobi | D27: Fortbildung | H27: KT IRTAZ | K27: Koordination | P27: Datum / Unterschrift
A28: FI 06:00-14:00 | D28: Frühschicht I | H28: SD Individuell | K28: Sonderdienst
D29: Wochenende / Feiertag

Sheet März
A1: Dienstplan März 2027 | AC1: AT: 21 Sa: 4
AB2: Osterferien
A3: Tag | B3: 1 | C3: 2 | D3: 3 | E3: 4 | F3: 5 | G3: 6 | H3: 7 | I3: 8 | J3: 9 | K3: 10 | L3: 11 | M3: 12 | N3: 13 | O3: 14 | P3: 15 | Q3: 16 | R3: 17 | S3: 18 | T3: 19 | U3: 20 | V3: 21 | W3: 22 | X3: 23 | Y3: 24 | Z3: 25 | AA3: 26 | AB3: 27 | AC3: 28 | AD3: 29 | AE3: 30 | AF3: 31
A4: WT | B4: Mo | C4: Di | D4: Mi | E4: Do | F4: Fr | G4: Sa | H4: So | I4: Mo | J4: Di | K4: Mi | L4: Do | M4: Fr | N4: Sa | O4: So | P4: Mo | Q4: Di | R4: Mi | S4: Do | T4: Fr | U4: Sa | V4: So | W4: Mo | X4: Di | Y4: Mi | Z4: Do | AA4: Fr | AB4: Sa | AC4: So | AD4: Mo | AE4: Di | AF4: Mi
A5: KW | B5: 9 | I5: 10 | P5: 11 | W5: 12 | AD5: 13
A6: Breig | B6: =IF(Dienstplan!B45="","",Dienstplan!B45) | C6: =IF(Dienstplan!C45="","",Dienstplan!C45) | D6: =IF(Dienstplan!D45="","",Dienstplan!D45) | E6: =IF(Dienstplan!E45="","",Dienstplan!E45) | F6: =IF(Dienstplan!F45="","",Dienstplan!F45) | G6: =IF(Dienstplan!G45="","",Dienstplan!G45) | H6: =IF(Dienstplan!H45="","",Dienstplan!H45) | I6: =IF(Dienstplan!I45="","",Dienstplan!I45) | ... AF6: =IF(Dienstplan!AF45="","",Dienstplan!AF45)
A7: Siebert | B7: =IF(Dienstplan!B46="","",Dienstplan!B46) | C7: =IF(Dienstplan!C46="","",Dienstplan!C46) | D7: =IF(Dienstplan!D46="","",Dienstplan!D46) | E7: =IF(Dienstplan!E46="","",Dienstplan!E46) | F7: =IF(Dienstplan!F46="","",Dienstplan!F46) | G7: =IF(Dienstplan!G46="","",Dienstplan!G46) | H7: =IF(Dienstplan!H46="","",Dienstplan!H46) | I7: =IF(Dienstplan!I46="","",Dienstplan!I46) | ... AF7: =IF(Dienstplan!AF46="","",Dienstplan!AF46)
A8: Jochim | B8: =IF(Dienstplan!B47="","",Dienstplan!B47) | C8: =IF(Dienstplan!C47="","",Dienstplan!C47) | D8: =IF(Dienstplan!D47="","",Dienstplan!D47) | E8: =IF(Dienstplan!E47="","",Dienstplan!E47) | F8: =IF(Dienstplan!F47="","",Dienstplan!F47) | G8: =IF(Dienstplan!G47="","",Dienstplan!G47) | H8: =IF(Dienstplan!H47="","",Dienstplan!H47) | I8: =IF(Dienstplan!I47="","",Dienstplan!I47) | ... AF8: =IF(Dienstplan!AF47="","",Dienstplan!AF47)
A9: Wunsch | B9: =IF(Dienstplan!B48="","",Dienstplan!B48) | C9: =IF(Dienstplan!C48="","",Dienstplan!C48) | D9: =IF(Dienstplan!D48="","",Dienstplan!D48) | E9: =IF(Dienstplan!E48="","",Dienstplan!E48) | F9: =IF(Dienstplan!F48="","",Dienstplan!F48) | G9: =IF(Dienstplan!G48="","",Dienstplan!G48) | H9: =IF(Dienstplan!H48="","",Dienstplan!H48) | I9: =IF(Dienstplan!I48="","",Dienstplan!I48) | ... AF9: =IF(Dienstplan!AF48="","",Dienstplan!AF48)
A10: Göpfrich | B10: =IF(Dienstplan!B49="","",Dienstplan!B49) | C10: =IF(Dienstplan!C49="","",Dienstplan!C49) | D10: =IF(Dienstplan!D49="","",Dienstplan!D49) | E10: =IF(Dienstplan!E49="","",Dienstplan!E49) | F10: =IF(Dienstplan!F49="","",Dienstplan!F49) | G10: =IF(Dienstplan!G49="","",Dienstplan!G49) | H10: =IF(Dienstplan!H49="","",Dienstplan!H49) | I10: =IF(Dienstplan!I49="","",Dienstplan!I49) | ... AF10: =IF(Dienstplan!AF49="","",Dienstplan!AF49)
A11: Zeller | B11: =IF(Dienstplan!B50="","",Dienstplan!B50) | C11: =IF(Dienstplan!C50="","",Dienstplan!C50) | D11: =IF(Dienstplan!D50="","",Dienstplan!D50) | E11: =IF(Dienstplan!E50="","",Dienstplan!E50) | F11: =IF(Dienstplan!F50="","",Dienstplan!F50) | G11: =IF(Dienstplan!G50="","",Dienstplan!G50) | H11: =IF(Dienstplan!H50="","",Dienstplan!H50) | I11: =IF(Dienstplan!I50="","",Dienstplan!I50) | ... AF11: =IF(Dienstplan!AF50="","",Dienstplan!AF50)
A12: Behrendt | B12: =IF(Dienstplan!B51="","",Dienstplan!B51) | C12: =IF(Dienstplan!C51="","",Dienstplan!C51) | D12: =IF(Dienstplan!D51="","",Dienstplan!D51) | E12: =IF(Dienstplan!E51="","",Dienstplan!E51) | F12: =IF(Dienstplan!F51="","",Dienstplan!F51) | G12: =IF(Dienstplan!G51="","",Dienstplan!G51) | H12: =IF(Dienstplan!H51="","",Dienstplan!H51) | I12: =IF(Dienstplan!I51="","",Dienstplan!I51) | ... AF12: =IF(Dienstplan!AF51="","",Dienstplan!AF51)
A13: Krempl | B13: =IF(Dienstplan!B52="","",Dienstplan!B52) | C13: =IF(Dienstplan!C52="","",Dienstplan!C52) | D13: =IF(Dienstplan!D52="","",Dienstplan!D52) | E13: =IF(Dienstplan!E52="","",Dienstplan!E52) | F13: =IF(Dienstplan!F52="","",Dienstplan!F52) | G13: =IF(Dienstplan!G52="","",Dienstplan!G52) | H13: =IF(Dienstplan!H52="","",Dienstplan!H52) | I13: =IF(Dienstplan!I52="","",Dienstplan!I52) | ... AF13: =IF(Dienstplan!AF52="","",Dienstplan!AF52)
A14: Putschler | B14: =IF(Dienstplan!B53="","",Dienstplan!B53) | C14: =IF(Dienstplan!C53="","",Dienstplan!C53) | D14: =IF(Dienstplan!D53="","",Dienstplan!D53) | E14: =IF(Dienstplan!E53="","",Dienstplan!E53) | F14: =IF(Dienstplan!F53="","",Dienstplan!F53) | G14: =IF(Dienstplan!G53="","",Dienstplan!G53) | H14: =IF(Dienstplan!H53="","",Dienstplan!H53) | I14: =IF(Dienstplan!I53="","",Dienstplan!I53) | ... AF14: =IF(Dienstplan!AF53="","",Dienstplan!AF53)
A15: Kunz | B15: =IF(Dienstplan!B54="","",Dienstplan!B54) | C15: =IF(Dienstplan!C54="","",Dienstplan!C54) | D15: =IF(Dienstplan!D54="","",Dienstplan!D54) | E15: =IF(Dienstplan!E54="","",Dienstplan!E54) | F15: =IF(Dienstplan!F54="","",Dienstplan!F54) | G15: =IF(Dienstplan!G54="","",Dienstplan!G54) | H15: =IF(Dienstplan!H54="","",Dienstplan!H54) | I15: =IF(Dienstplan!I54="","",Dienstplan!I54) | ... AF15: =IF(Dienstplan!AF54="","",Dienstplan!AF54)
A16: Schmidt | B16: =IF(Dienstplan!B55="","",Dienstplan!B55) | C16: =IF(Dienstplan!C55="","",Dienstplan!C55) | D16: =IF(Dienstplan!D55="","",Dienstplan!D55) | E16: =IF(Dienstplan!E55="","",Dienstplan!E55) | F16: =IF(Dienstplan!F55="","",Dienstplan!F55) | G16: =IF(Dienstplan!G55="","",Dienstplan!G55) | H16: =IF(Dienstplan!H55="","",Dienstplan!H55) | I16: =IF(Dienstplan!I55="","",Dienstplan!I55) | ... AF16: =IF(Dienstplan!AF55="","",Dienstplan!AF55)
A17: Radimersky | B17: =IF(Dienstplan!B56="","",Dienstplan!B56) | C17: =IF(Dienstplan!C56="","",Dienstplan!C56) | D17: =IF(Dienstplan!D56="","",Dienstplan!D56) | E17: =IF(Dienstplan!E56="","",Dienstplan!E56) | F17: =IF(Dienstplan!F56="","",Dienstplan!F56) | G17: =IF(Dienstplan!G56="","",Dienstplan!G56) | H17: =IF(Dienstplan!H56="","",Dienstplan!H56) | I17: =IF(Dienstplan!I56="","",Dienstplan!I56) | ... AF17: =IF(Dienstplan!AF56="","",Dienstplan!AF56)
A18: Besetzung | B18: =IF(AND(COUNTIF(B6:B17,"FI")>0,COUNTIF(B6:B17,"SI")>0,COUNTIF(B6:B17,"NI")>0),"","!") | C18: =IF(AND(COUNTIF(C6:C17,"FI")>0,COUNTIF(C6:C17,"SI")>0,COUNTIF(C6:C17,"NI")>0),"","!") | D18: =IF(AND(COUNTIF(D6:D17,"FI")>0,COUNTIF(D6:D17,"SI")>0,COUNTIF(D6:D17,"NI")>0),"","!") | E18: =IF(AND(COUNTIF(E6:E17,"FI")>0,COUNTIF(E6:E17,"SI")>0,COUNTIF(E6:E17,"NI")>0),"","!") | F18: =IF(AND(COUNTIF(F6:F17,"FI")>0,COUNTIF(F6:F17,"SI")>0),"","!") | I18: =IF(AND(COUNTIF(I6:I17,"FI")>0,COUNTIF(I6:I17,"SI")>0,COUNTIF(I6:I17,"NI")>0),"","!") | J18: =IF(AND(COUNTIF(J6:J17,"FI")>0,COUNTIF(J6:J17,"SI")>0,COUNTIF(J6:J17,"NI")>0),"","!") | K18: =IF(AND(COUNTIF(K6:K17,"FI")>0,COUNTIF(K6:K17,"SI")>0,COUNTIF(K6:K17,"NI")>0),"","!") | L18: =IF(AND(COUNTIF(L6:L17,"FI")>0,COUNTIF(L6:L17,"SI")>0,COUNTIF(L6:L17,"NI")>0),"","!") | M18: =IF(AND(COUNTIF(M6:M17,"FI")>0,COUNTIF(M6:M17,"SI")>0),"","!") | P18: =IF(AND(COUNTIF(P6:P17,"FI")>0,COUNTIF(P6:P17,"SI")>0,COUNTIF(P6:P17,"NI")>0),"","!") | Q18: =IF(AND(COUNTIF(Q6:Q17,"FI")>0,COUNTIF(Q6:Q17,"SI")>0,COUNTIF(Q6:Q17,"NI")>0),"","!") | R18: =IF(AND(COUNTIF(R6:R17,"FI")>0,COUNTIF(R6:R17,"SI")>0,COUNTIF(R6:R17,"NI")>0),"","!") | S18: =IF(AND(COUNTIF(S6:S17,"FI")>0,COUNTIF(S6:S17,"SI")>0,COUNTIF(S6:S17,"NI")>0),"","!") | T18: =IF(AND(COUNTIF(T6:T17,"FI")>0,COUNTIF(T6:T17,"SI")>0),"","!") | W18: =IF(AND(COUNTIF(W6:W17,"FI")>0,COUNTIF(W6:W17,"SI")>0,COUNTIF(W6:W17,"NI")>0),"","!") | X18: =IF(AND(COUNTIF(X6:X17,"FI")>0,COUNTIF(X6:X17,"SI")>0,COUNTIF(X6:X17,"NI")>0),"","!") | Y18: =IF(AND(COUNTIF(Y6:Y17,"FI")>0,COUNTIF(Y6:Y17,"SI")>0,COUNTIF(Y6:Y17,"NI")>0),"","!") | Z18: =IF(AND(COUNTIF(Z6:Z17,"FI")>0,COUNTIF(Z6:Z17,"SI")>0,COUNTIF(Z6:Z17,"NI")>0),"","!") | AE18: =IF(AND(COUNTIF(AE6:AE17,"FI")>0,COUNTIF(AE6:AE17,"SI")>0,COUNTIF(AE6:AE17,"NI")>0),"","!") | AF18: =IF(AND(COUNTIF(AF6:AF17,"FI")>0,COUNTIF(AF6:AF17,"SI")>0,COUNTIF(AF6:AF17,"NI")>0),"","!")
A20: Legende | P20: Unterschriften
A21: U | D21: Urlaub | H21: FII 06:00-14:00 | K21: Frühschicht II | P21: Erstellt von:
A22: EH 08:00-17:00 | D22: Erste Hilfe | H22: SI 14:00-22:00 | K22: Spätschicht I
A23: KU 08:30-16:30 | D23: Kuppenheim | H23: SII 14:00-21:00 | K23: Spätschicht II | P23: Datum / Unterschrift
A24: A | D24: AU | H24: NI 22:00-06:00 | K24: Nachtschicht I
A25: GT | D25: Gleittag | H25: DI 08:00-15:30 | K25: Dienst I | P25: Genehmigt von:
A26: NST | D26: Ausgleichstag | H26: DII 08:30-16:00 | K26: Dienst II
A27: Fobi | D27: Fortbildung | H27: KT IRTAZ | K27: Koordination | P27: Datum / Unterschrift
A28: FI 06:00-14:00 | D28: Frühschicht I | H28: SD Individuell | K28: Sonderdienst
D29: Wochenende / Feiertag

Sheet April
A1: Dienstplan April 2027 | AB1: AT: 22 Sa: 4
B2: Osterferien
A3: Tag | B3: 1 | C3: 2 | D3: 3 | E3: 4 | F3: 5 | G3: 6 | H3: 7 | I3: 8 | J3: 9 | K3: 10 | L3: 11 | M3: 12 | N3: 13 | O3: 14 | P3: 15 | Q3: 16 | R3: 17 | S3: 18 | T3: 19 | U3: 20 | V3: 21 | W3: 22 | X3: 23 | Y3: 24 | Z3: 25 | AA3: 26 | AB3: 27 | AC3: 28 | AD3: 29 | AE3: 30
A4: WT | B4: Do | C4: Fr | D4: Sa | E4: So | F4: Mo | G4: Di | H4: Mi | I4: Do | J4: Fr | K4: Sa | L4: So | M4: Mo | N4: Di | O4: Mi | P4: Do | Q4: Fr | R4: Sa | S4: So | T4: Mo | U4: Di | V4: Mi | W4: Do | X4: Fr | Y4: Sa | Z4: So | AA4: Mo | AB4: Di | AC4: Mi | AD4: Do | AE4: Fr
A5: KW | B5: 13 | F5: 14 | M5: 15 | T5: 16 | AA5: 17
A6: Breig | B6: =IF(Dienstplan!B64="","",Dienstplan!B64) | C6: =IF(Dienstplan!C64="","",Dienstplan!C64) | D6: =IF(Dienstplan!D64="","",Dienstplan!D64) | E6: =IF(Dienstplan!E64="","",Dienstplan!E64) | F6: =IF(Dienstplan!F64="","",Dienstplan!F64) | G6: =IF(Dienstplan!G64="","",Dienstplan!G64) | H6: =IF(Dienstplan!H64="","",Dienstplan!H64) | I6: =IF(Dienstplan!I64="","",Dienstplan!I64) | ... AE6: =IF(Dienstplan!AE64="","",Dienstplan!AE64)
A7: Siebert | B7: =IF(Dienstplan!B65="","",Dienstplan!B65) | C7: =IF(Dienstplan!C65="","",Dienstplan!C65) | D7: =IF(Dienstplan!D65="","",Dienstplan!D65) | E7: =IF(Dienstplan!E65="","",Dienstplan!E65) | F7: =IF(Dienstplan!F65="","",Dienstplan!F65) | G7: =IF(Dienstplan!G65="","",Dienstplan!G65) | H7: =IF(Dienstplan!H65="","",Dienstplan!H65) | I7: =IF(Dienstplan!I65="","",Dienstplan!I65) | ... AE7: =IF(Dienstplan!AE65="","",Dienstplan!AE65)
A8: Jochim | B8: =IF(Dienstplan!B66="","",Dienstplan!B66) | C8: =IF(Dienstplan!C66="","",Dienstplan!C66) | D8: =IF(Dienstplan!D66="","",Dienstplan!D66) | E8: =IF(Dienstplan!E66="","",Dienstplan!E66) | F8: =IF(Dienstplan!F66="","",Dienstplan!F66) | G8: =IF(Dienstplan!G66="","",Dienstplan!G66) | H8: =IF(Dienstplan!H66="","",Dienstplan!H66) | I8: =IF(Dienstplan!I66="","",Dienstplan!I66) | ... AE8: =IF(Dienstplan!AE66="","",Dienstplan!AE66)
A9: Wunsch | B9: =IF(Dienstplan!B67="","",Dienstplan!B67) | C9: =IF(Dienstplan!C67="","",Dienstplan!C67) | D9: =IF(Dienstplan!D67="","",Dienstplan!D67) | E9: =IF(Dienstplan!E67="","",Dienstplan!E67) | F9: =IF(Dienstplan!F67="","",Dienstplan!F67) | G9: =IF(Dienstplan!G67="","",Dienstplan!G67) | H9: =IF(Dienstplan!H67="","",Dienstplan!H67) | I9: =IF(Dienstplan!I67="","",Dienstplan!I67) | ... AE9: =IF(Dienstplan!AE67="","",Dienstplan!AE67)
A10: Göpfrich | B10: =IF(Dienstplan!B68="","",Dienstplan!B68) | C10: =IF(Dienstplan!C68="","",Dienstplan!C68) | D10: =IF(Dienstplan!D68="","",Dienstplan!D68) | E10: =IF(Dienstplan!E68="","",Dienstplan!E68) | F10: =IF(Dienstplan!F68="","",Dienstplan!F68) | G10: =IF(Dienstplan!G68="","",Dienstplan!G68) | H10: =IF(Dienstplan!H68="","",Dienstplan!H68) | I10: =IF(Dienstplan!I68="","",Dienstplan!I68) | ... AE10: =IF(Dienstplan!AE68="","",Dienstplan!AE68)
A11: Zeller | B11: =IF(Dienstplan!B69="","",Dienstplan!B69) | C11: =IF(Dienstplan!C69="","",Dienstplan!C69) | D11: =IF(Dienstplan!D69="","",Dienstplan!D69) | E11: =IF(Dienstplan!E69="","",Dienstplan!E69) | F11: =IF(Dienstplan!F69="","",Dienstplan!F69) | G11: =IF(Dienstplan!G69="","",Dienstplan!G69) | H11: =IF(Dienstplan!H69="","",Dienstplan!H69) | I11: =IF(Dienstplan!I69="","",Dienstplan!I69) | ... AE11: =IF(Dienstplan!AE69="","",Dienstplan!AE69)
A12: Behrendt | B12: =IF(Dienstplan!B70="","",Dienstplan!B70) | C12: =IF(Dienstplan!C70="","",Dienstplan!C70) | D12: =IF(Dienstplan!D70="","",Dienstplan!D70) | E12: =IF(Dienstplan!E70="","",Dienstplan!E70) | F12: =IF(Dienstplan!F70="","",Dienstplan!F70) | G12: =IF(Dienstplan!G70="","",Dienstplan!G70) | H12: =IF(Dienstplan!H70="","",Dienstplan!H70) | I12: =IF(Dienstplan!I70="","",Dienstplan!I70) | ... AE12: =IF(Dienstplan!AE70="","",Dienstplan!AE70)
A13: Krempl | B13: =IF(Dienstplan!B71="","",Dienstplan!B71) | C13: =IF(Dienstplan!C71="","",Dienstplan!C71) | D13: =IF(Dienstplan!D71="","",Dienstplan!D71) | E13: =IF(Dienstplan!E71="","",Dienstplan!E71) | F13: =IF(Dienstplan!F71="","",Dienstplan!F71) | G13: =IF(Dienstplan!G71="","",Dienstplan!G71) | H13: =IF(Dienstplan!H71="","",Dienstplan!H71) | I13: =IF(Dienstplan!I71="","",Dienstplan!I71) | ... AE13: =IF(Dienstplan!AE71="","",Dienstplan!AE71)
A14: Putschler | B14: =IF(Dienstplan!B72="","",Dienstplan!B72) | C14: =IF(Dienstplan!C72="","",Dienstplan!C72) | D14: =IF(Dienstplan!D72="","",Dienstplan!D72) | E14: =IF(Dienstplan!E72="","",Dienstplan!E72) | F14: =IF(Dienstplan!F72="","",Dienstplan!F72) | G14: =IF(Dienstplan!G72="","",Dienstplan!G72) | H14: =IF(Dienstplan!H72="","",Dienstplan!H72) | I14: =IF(Dienstplan!I72="","",Dienstplan!I72) | ... AE14: =IF(Dienstplan!AE72="","",Dienstplan!AE72)
A15: Kunz | B15: =IF(Dienstplan!B73="","",Dienstplan!B73) | C15: =IF(Dienstplan!C73="","",Dienstplan!C73) | D15: =IF(Dienstplan!D73="","",Dienstplan!D73) | E15: =IF(Dienstplan!E73="","",Dienstplan!E73) | F15: =IF(Dienstplan!F73="","",Dienstplan!F73) | G15: =IF(Dienstplan!G73="","",Dienstplan!G73) | H15: =IF(Dienstplan!H73="","",Dienstplan!H73) | I15: =IF(Dienstplan!I73="","",Dienstplan!I73) | ... AE15: =IF(Dienstplan!AE73="","",Dienstplan!AE73)
A16: Schmidt | B16: =IF(Dienstplan!B74="","",Dienstplan!B74) | C16: =IF(Dienstplan!C74="","",Dienstplan!C74) | D16: =IF(Dienstplan!D74="","",Dienstplan!D74) | E16: =IF(Dienstplan!E74="","",Dienstplan!E74) | F16: =IF(Dienstplan!F74="","",Dienstplan!F74) | G16: =IF(Dienstplan!G74="","",Dienstplan!G74) | H16: =IF(Dienstplan!H74="","",Dienstplan!H74) | I16: =IF(Dienstplan!I74="","",Dienstplan!I74) | ... AE16: =IF(Dienstplan!AE74="","",Dienstplan!AE74)
A17: Radimersky | B17: =IF(Dienstplan!B75="","",Dienstplan!B75) | C17: =IF(Dienstplan!C75="","",Dienstplan!C75) | D17: =IF(Dienstplan!D75="","",Dienstplan!D75) | E17: =IF(Dienstplan!E75="","",Dienstplan!E75) | F17: =IF(Dienstplan!F75="","",Dienstplan!F75) | G17: =IF(Dienstplan!G75="","",Dienstplan!G75) | H17: =IF(Dienstplan!H75="","",Dienstplan!H75) | I17: =IF(Dienstplan!I75="","",Dienstplan!I75) | ... AE17: =IF(Dienstplan!AE75="","",Dienstplan!AE75)
A18: Besetzung | B18: =IF(AND(COUNTIF(B6:B17,"FI")>0,COUNTIF(B6:B17,"SI")>0,COUNTIF(B6:B17,"NI")>0),"","!") | C18: =IF(AND(COUNTIF(C6:C17,"FI")>0,COUNTIF(C6:C17,"SI")>0),"","!") | F18: =IF(AND(COUNTIF(F6:F17,"FI")>0,COUNTIF(F6:F17,"SI")>0,COUNTIF(F6:F17,"NI")>0),"","!") | G18: =IF(AND(COUNTIF(G6:G17,"FI")>0,COUNTIF(G6:G17,"SI")>0,COUNTIF(G6:G17,"NI")>0),"","!") | H18: =IF(AND(COUNTIF(H6:H17,"FI")>0,COUNTIF(H6:H17,"SI")>0,COUNTIF(H6:H17,"NI")>0),"","!") | I18: =IF(AND(COUNTIF(I6:I17,"FI")>0,COUNTIF(I6:I17,"SI")>0,COUNTIF(I6:I17,"NI")>0),"","!") | J18: =IF(AND(COUNTIF(J6:J17,"FI")>0,COUNTIF(J6:J17,"SI")>0),"","!") | M18: =IF(AND(COUNTIF(M6:M17,"FI")>0,COUNTIF(M6:M17,"SI")>0,COUNTIF(M6:M17,"NI")>0),"","!") | N18: =IF(AND(COUNTIF(N6:N17,"FI")>0,COUNTIF(N6:N17,"SI")>0,COUNTIF(N6:N17,"NI")>0),"","!") | O18: =IF(AND(COUNTIF(O6:O17,"FI")>0,COUNTIF(O6:O17,"SI")>0,COUNTIF(O6:O17,"NI")>0),"","!") | P18: =IF(AND(COUNTIF(P6:P17,"FI")>0,COUNTIF(P6:P17,"SI")>0,COUNTIF(P6:P17,"NI")>0),"","!") | Q18: =IF(AND(COUNTIF(Q6:Q17,"FI")>0,COUNTIF(Q6:Q17,"SI")>0),"","!") | T18: =IF(AND(COUNTIF(T6:T17,"FI")>0,COUNTIF(T6:T17,"SI")>0,COUNTIF(T6:T17,"NI")>0),"","!") | U18: =IF(AND(COUNTIF(U6:U17,"FI")>0,COUNTIF(U6:U17,"SI")>0,COUNTIF(U6:U17,"NI")>0),"","!") | V18: =IF(AND(COUNTIF(V6:V17,"FI")>0,COUNTIF(V6:V17,"SI")>0,COUNTIF(V6:V17,"NI")>0),"","!") | W18: =IF(AND(COUNTIF(W6:W17,"FI")>0,COUNTIF(W6:W17,"SI")>0,COUNTIF(W6:W17,"NI")>0),"","!") | X18: =IF(AND(COUNTIF(X6:X17,"FI")>0,COUNTIF(X6:X17,"SI")>0),"","!") | AA18: =IF(AND(COUNTIF(AA6:AA17,"FI")>0,COUNTIF(AA6:AA17,"SI")>0,COUNTIF(AA6:AA17,"NI")>0),"","!") | AB18: =IF(AND(COUNTIF(AB6:AB17,"FI")>0,COUNTIF(AB6:AB17,"SI")>0,COUNTIF(AB6:AB17,"NI")>0),"","!") | AC18: =IF(AND(COUNTIF(AC6:AC17,"FI")>0,COUNTIF(AC6:AC17,"SI")>0,COUNTIF(AC6:AC17,"NI")>0),"","!") | AD18: =IF(AND(COUNTIF(AD6:AD17,"FI")>0,COUNTIF(AD6:AD17,"SI")>0,COUNTIF(AD6:AD17,"NI")>0),"","!") | AE18: =IF(AND(COUNTIF(AE6:AE17,"FI")>0,COUNTIF(AE6:AE17,"SI")>0),"","!")
A20: Legende | P20: Unterschriften
A21: U | D21: Urlaub | H21: FII 06:00-14:00 | K21: Frühschicht II | P21: Erstellt von:
A22: EH 08:00-17:00 | D22: Erste Hilfe | H22: SI 14:00-22:00 | K22: Spätschicht I
A23: KU 08:30-16:30 | D23: Kuppenheim | H23: SII 14:00-21:00 | K23: Spätschicht II | P23: Datum / Unterschrift
A24: A | D24: AU | H24: NI 22:00-06:00 | K24: Nachtschicht I
A25: GT | D25: Gleittag | H25: DI 08:00-15:30 | K25: Dienst I | P25: Genehmigt von:
A26: NST | D26: Ausgleichstag | H26: DII 08:30-16:00 | K26: Dienst II
A27: Fobi | D27: Fortbildung | H27: KT IRTAZ | K27: Koordination | P27: Datum / Unterschrift
A28: FI 06:00-14:00 | D28: Frühschicht I | H28: SD Individuell | K28: Sonderdienst
D29: Wochenende / Feiertag

Sheet Mai
A1: Dienstplan Mai 2027 | AC1: AT: 18 Sa: 5
R2: Pfingstferien
A3: Tag | B3: 1 | C3: 2 | D3: 3 | E3: 4 | F3: 5 | G3: 6 | H3: 7 | I3: 8 | J3: 9 | K3: 10 | L3: 11 | M3: 12 | N3: 13 | O3: 14 | P3: 15 | Q3: 16 | R3: 17 | S3: 18 | T3: 19 | U3: 20 | V3: 21 | W3: 22 | X3: 23 | Y3: 24 | Z3: 25 | AA3: 26 | AB3: 27 | AC3: 28 | AD3: 29 | AE3: 30 | AF3: 31
A4: WT | B4: Sa | C4: So | D4: Mo | E4: Di | F4: Mi | G4: Do | H4: Fr | I4: Sa | J4: So | K4: Mo | L4: Di | M4: Mi | N4: Do | O4: Fr | P4: Sa | Q4: So | R4: Mo | S4: Di | T4: Mi | U4: Do | V4: Fr | W4: Sa | X4: So | Y4: Mo | Z4: Di | AA4: Mi | AB4: Do | AC4: Fr | AD4: Sa | AE4: So | AF4: Mo
A5: KW | B5: 17 | D5: 18 | K5: 19 | R5: 20 | Y5: 21 | AF5: 22
A6: Breig | B6: =IF(Dienstplan!B83="","",Dienstplan!B83) | C6: =IF(Dienstplan!C83="","",Dienstplan!C83) | D6: =IF(Dienstplan!D83="","",Dienstplan!D83) | E6: =IF(Dienstplan!E83="","",Dienstplan!E83) | F6: =IF(Dienstplan!F83="","",Dienstplan!F83) | G6: =IF(Dienstplan!G83="","",Dienstplan!G83) | H6: =IF(Dienstplan!H83="","",Dienstplan!H83) | I6: =IF(Dienstplan!I83="","",Dienstplan!I83) | ... AF6: =IF(Dienstplan!AF83="","",Dienstplan!AF83)
A7: Siebert | B7: =IF(Dienstplan!B84="","",Dienstplan!B84) | C7: =IF(Dienstplan!C84="","",Dienstplan!C84) | D7: =IF(Dienstplan!D84="","",Dienstplan!D84) | E7: =IF(Dienstplan!E84="","",Dienstplan!E84) | F7: =IF(Dienstplan!F84="","",Dienstplan!F84) | G7: =IF(Dienstplan!G84="","",Dienstplan!G84) | H7: =IF(Dienstplan!H84="","",Dienstplan!H84) | I7: =IF(Dienstplan!I84="","",Dienstplan!I84) | ... AF7: =IF(Dienstplan!AF84="","",Dienstplan!AF84)
A8: Jochim | B8: =IF(Dienstplan!B85="","",Dienstplan!B85) | C8: =IF(Dienstplan!C85="","",Dienstplan!C85) | D8: =IF(Dienstplan!D85="","",Dienstplan!D85) | E8: =IF(Dienstplan!E85="","",Dienstplan!E85) | F8: =IF(Dienstplan!F85="","",Dienstplan!F85) | G8: =IF(Dienstplan!G85="","",Dienstplan!G85) | H8: =IF(Dienstplan!H85="","",Dienstplan!H85) | I8: =IF(Dienstplan!I85="","",Dienstplan!I85) | ... AF8: =IF(Dienstplan!AF85="","",Dienstplan!AF85)
A9: Wunsch | B9: =IF(Dienstplan!B86="","",Dienstplan!B86) | C9: =IF(Dienstplan!C86="","",Dienstplan!C86) | D9: =IF(Dienstplan!D86="","",Dienstplan!D86) | E9: =IF(Dienstplan!E86="","",Dienstplan!E86) | F9: =IF(Dienstplan!F86="","",Dienstplan!F86) | G9: =IF(Dienstplan!G86="","",Dienstplan!G86) | H9: =IF(Dienstplan!H86="","",Dienstplan!H86) | I9: =IF(Dienstplan!I86="","",Dienstplan!I86) | ... AF9: =IF(Dienstplan!AF86="","",Dienstplan!AF86)
A10: Göpfrich | B10: =IF(Dienstplan!B87="","",Dienstplan!B87) | C10: =IF(Dienstplan!C87="","",Dienstplan!C87) | D10: =IF(Dienstplan!D87="","",Dienstplan!D87) | E10: =IF(Dienstplan!E87="","",Dienstplan!E87) | F10: =IF(Dienstplan!F87="","",Dienstplan!F87) | G10: =IF(Dienstplan!G87="","",Dienstplan!G87) | H10: =IF(Dienstplan!H87="","",Dienstplan!H87) | I10: =IF(Dienstplan!I87="","",Dienstplan!I87) | ... AF10: =IF(Dienstplan!AF87="","",Dienstplan!AF87)
A11: Zeller | B11: =IF(Dienstplan!B88="","",Dienstplan!B88) | C11: =IF(Dienstplan!C88="","",Dienstplan!C88) | D11: =IF(Dienstplan!D88="","",Dienstplan!D88) | E11: =IF(Dienstplan!E88="","",Dienstplan!E88) | F11: =IF(Dienstplan!F88="","",Dienstplan!F88) | G11: =IF(Dienstplan!G88="","",Dienstplan!G88) | H11: =IF(Dienstplan!H88="","",Dienstplan!H88) | I11: =IF(Dienstplan!I88="","",Dienstplan!I88) | ... AF11: =IF(Dienstplan!AF88="","",Dienstplan!AF88)
A12: Behrendt | B12: =IF(Dienstplan!B89="","",Dienstplan!B89) | C12: =IF(Dienstplan!C89="","",Dienstplan!C89) | D12: =IF(Dienstplan!D89="","",Dienstplan!D89) | E12: =IF(Dienstplan!E89="","",Dienstplan!E89) | F12: =IF(Dienstplan!F89="","",Dienstplan!F89) | G12: =IF(Dienstplan!G89="","",Dienstplan!G89) | H12: =IF(Dienstplan!H89="","",Dienstplan!H89) | I12: =IF(Dienstplan!I89="","",Dienstplan!I89) | ... AF12: =IF(Dienstplan!AF89="","",Dienstplan!AF89)
A13: Krempl | B13: =IF(Dienstplan!B90="","",Dienstplan!B90) | C13: =IF(Dienstplan!C90="","",Dienstplan!C90) | D13: =IF(Dienstplan!D90="","",Dienstplan!D90) | E13: =IF(Dienstplan!E90="","",Dienstplan!E90) | F13: =IF(Dienstplan!F90="","",Dienstplan!F90) | G13: =IF(Dienstplan!G90="","",Dienstplan!G90) | H13: =IF(Dienstplan!H90="","",Dienstplan!H90) | I13: =IF(Dienstplan!I90="","",Dienstplan!I90) | ... AF13: =IF(Dienstplan!AF90="","",Dienstplan!AF90)
A14: Putschler | B14: =IF(Dienstplan!B91="","",Dienstplan!B91) | C14: =IF(Dienstplan!C91="","",Dienstplan!C91) | D14: =IF(Dienstplan!D91="","",Dienstplan!D91) | E14: =IF(Dienstplan!E91="","",Dienstplan!E91) | F14: =IF(Dienstplan!F91="","",Dienstplan!F91) | G14: =IF(Dienstplan!G91="","",Dienstplan!G91) | H14: =IF(Dienstplan!H91="","",Dienstplan!H91) | I14: =IF(Dienstplan!I91="","",Dienstplan!I91) | ... AF14: =IF(Dienstplan!AF91="","",Dienstplan!AF91)
A15: Kunz | B15: =IF(Dienstplan!B92="","",Dienstplan!B92) | C15: =IF(Dienstplan!C92="","",Dienstplan!C92) | D15: =IF(Dienstplan!D92="","",Dienstplan!D92) | E15: =IF(Dienstplan!E92="","",Dienstplan!E92) | F15: =IF(Dienstplan!F92="","",Dienstplan!F92) | G15: =IF(Dienstplan!G92="","",Dienstplan!G92) | H15: =IF(Dienstplan!H92="","",Dienstplan!H92) | I15: =IF(Dienstplan!I92="","",Dienstplan!I92) | ... AF15: =IF(Dienstplan!AF92="","",Dienstplan!AF92)
A16: Schmidt | B16: =IF(Dienstplan!B93="","",Dienstplan!B93) | C16: =IF(Dienstplan!C93="","",Dienstplan!C93) | D16: =IF(Dienstplan!D93="","",Dienstplan!D93) | E16: =IF(Dienstplan!E93="","",Dienstplan!E93) | F16: =IF(Dienstplan!F93="","",Dienstplan!F93) | G16: =IF(Dienstplan!G93="","",Dienstplan!G93) | H16: =IF(Dienstplan!H93="","",Dienstplan!H93) | I16: =IF(Dienstplan!I93="","",Dienstplan!I93) | ... AF16: =IF(Dienstplan!AF93="","",Dienstplan!AF93)
A17: Radimersky | B17: =IF(Dienstplan!B94="","",Dienstplan!B94) | C17: =IF(Dienstplan!C94="","",Dienstplan!C94) | D17: =IF(Dienstplan!D94="","",Dienstplan!D94) | E17: =IF(Dienstplan!E94="","",Dienstplan!E94) | F17: =IF(Dienstplan!F94="","",Dienstplan!F94) | G17: =IF(Dienstplan!G94="","",Dienstplan!G94) | H17: =IF(Dienstplan!H94="","",Dienstplan!H94) | I17: =IF(Dienstplan!I94="","",Dienstplan!I94) | ... AF17: =IF(Dienstplan!AF94="","",Dienstplan!AF94)
A18: Besetzung | D18: =IF(AND(COUNTIF(D6:D17,"FI")>0,COUNTIF(D6:D17,"SI")>0,COUNTIF(D6:D17,"NI")>0),"","!") | E18: =IF(AND(COUNTIF(E6:E17,"FI")>0,COUNTIF(E6:E17,"SI")>0,COUNTIF(E6:E17,"NI")>0),"","!") | F18: =IF(AND(COUNTIF(F6:F17,"FI")>0,COUNTIF(F6:F17,"SI")>0,COUNTIF(F6:F17,"NI")>0),"","!") | H18: =IF(AND(COUNTIF(H6:H17,"FI")>0,COUNTIF(H6:H17,"SI")>0),"","!") | K18: =IF(AND(COUNTIF(K6:K17,"FI")>0,COUNTIF(K6:K17,"SI")>0,COUNTIF(K6:K17,"NI")>0),"","!") | L18: =IF(AND(COUNTIF(L6:L17,"FI")>0,COUNTIF(L6:L17,"SI")>0,COUNTIF(L6:L17,"NI")>0),"","!") | M18: =IF(AND(COUNTIF(M6:M17,"FI")>0,COUNTIF(M6:M17,"SI")>0,COUNTIF(M6:M17,"NI")>0),"","!") | N18: =IF(AND(COUNTIF(N6:N17,"FI")>0,COUNTIF(N6:N17,"SI")>0,COUNTIF(N6:N17,"NI")>0),"","!") | O18: =IF(AND(COUNTIF(O6:O17,"FI")>0,COUNTIF(O6:O17,"SI")>0),"","!") | S18: =IF(AND(COUNTIF(S6:S17,"FI")>0,COUNTIF(S6:S17,"SI")>0,COUNTIF(S6:S17,"NI")>0),"","!") | T18: =IF(AND(COUNTIF(T6:T17,"FI")>0,COUNTIF(T6:T17,"SI")>0,COUNTIF(T6:T17,"NI")>0),"","!") | U18: =IF(AND(COUNTIF(U6:U17,"FI")>0,COUNTIF(U6:U17,"SI")>0,COUNTIF(U6:U17,"NI")>0),"","!") | V18: =IF(AND(COUNTIF(V6:V17,"FI")>0,COUNTIF(V6:V17,"SI")>0),"","!") | Y18: =IF(AND(COUNTIF(Y6:Y17,"FI")>0,COUNTIF(Y6:Y17,"SI")>0,COUNTIF(Y6:Y17,"NI")>0),"","!") | Z18: =IF(AND(COUNTIF(Z6:Z17,"FI")>0,COUNTIF(Z6:Z17,"SI")>0,COUNTIF(Z6:Z17,"NI")>0),"","!") | AA18: =IF(AND(COUNTIF(AA6:AA17,"FI")>0,COUNTIF(AA6:AA17,"SI")>0,COUNTIF(AA6:AA17,"NI")>0),"","!") | AC18: =IF(AND(COUNTIF(AC6:AC17,"FI")>0,COUNTIF(AC6:AC17,"SI")>0),"","!") | AF18: =IF(AND(COUNTIF(AF6:AF17,"FI")>0,COUNTIF(AF6:AF17,"SI")>0,COUNTIF(AF6:AF17,"NI")>0),"","!")
A20: Legende | P20: Unterschriften
A21: U | D21: Urlaub | H21: FII 06:00-14:00 | K21: Frühschicht II | P21: Erstellt von:
A22: EH 08:00-17:00 | D22: Erste Hilfe | H22: SI 14:00-22:00 | K22: Spätschicht I
A23: KU 08:30-16:30 | D23: Kuppenheim | H23: SII 14:00-21:00 | K23: Spätschicht II | P23: Datum / Unterschrift
A24: A | D24: AU | H24: NI 22:00-06:00 | K24: Nachtschicht I
A25: GT | D25: Gleittag | H25: DI 08:00-15:30 | K25: Dienst I | P25: Genehmigt von:
A26: NST | D26: Ausgleichstag | H26: DII 08:30-16:00 | K26: Dienst II
A27: Fobi | D27: Fortbildung | H27: KT IRTAZ | K27: Koordination | P27: Datum / Unterschrift
A28: FI 06:00-14:00 | D28: Frühschicht I | H28: SD Individuell | K28: Sonderdienst
D29: Wochenende / Feiertag

Sheet Juni
A1: Dienstplan Juni 2027 | AB1: AT: 22 Sa: 4
A3: Tag | B3: 1 | C3: 2 | D3: 3 | E3: 4 | F3: 5 | G3: 6 | H3: 7 | I3: 8 | J3: 9 | K3: 10 | L3: 11 | M3: 12 | N3: 13 | O3: 14 | P3: 15 | Q3: 16 | R3: 17 | S3: 18 | T3: 19 | U3: 20 | V3: 21 | W3: 22 | X3: 23 | Y3: 24 | Z3: 25 | AA3: 26 | AB3: 27 | AC3: 28 | AD3: 29 | AE3: 30
A4: WT | B4: Di | C4: Mi | D4: Do | E4: Fr | F4: Sa | G4: So | H4: Mo | I4: Di | J4: Mi | K4: Do | L4: Fr | M4: Sa | N4: So | O4: Mo | P4: Di | Q4: Mi | R4: Do | S4: Fr | T4: Sa | U4: So | V4: Mo | W4: Di | X4: Mi | Y4: Do | Z4: Fr | AA4: Sa | AB4: So | AC4: Mo | AD4: Di | AE4: Mi
A5: KW | B5: 22 | H5: 23 | O5: 24 | V5: 25 | AC5: 26
A6: Breig | B6: =IF(Dienstplan!B101="","",Dienstplan!B101) | C6: =IF(Dienstplan!C101="","",Dienstplan!C101) | D6: =IF(Dienstplan!D101="","",Dienstplan!D101) | E6: =IF(Dienstplan!E101="","",Dienstplan!E101) | F6: =IF(Dienstplan!F101="","",Dienstplan!F101) | G6: =IF(Dienstplan!G101="","",Dienstplan!G101) | H6: =IF(Dienstplan!H101="","",Dienstplan!H101) | I6: =IF(Dienstplan!I101="","",Dienstplan!I101) | ... AE6: =IF(Dienstplan!AE101="","",Dienstplan!AE101)
A7: Siebert | B7: =IF(Dienstplan!B102="","",Dienstplan!B102) | C7: =IF(Dienstplan!C102="","",Dienstplan!C102) | D7: =IF(Dienstplan!D102="","",Dienstplan!D102) | E7: =IF(Dienstplan!E102="","",Dienstplan!E102) | F7: =IF(Dienstplan!F102="","",Dienstplan!F102) | G7: =IF(Dienstplan!G102="","",Dienstplan!G102) | H7: =IF(Dienstplan!H102="","",Dienstplan!H102) | I7: =IF(Dienstplan!I102="","",Dienstplan!I102) | ... AE7: =IF(Dienstplan!AE102="","",Dienstplan!AE102)
A8: Jochim | B8: =IF(Dienstplan!B103="","",Dienstplan!B103) | C8: =IF(Dienstplan!C103="","",Dienstplan!C103) | D8: =IF(Dienstplan!D103="","",Dienstplan!D103) | E8: =IF(Dienstplan!E103="","",Dienstplan!E103) | F8: =IF(Dienstplan!F103="","",Dienstplan!F103) | G8: =IF(Dienstplan!G103="","",Dienstplan!G103) | H8: =IF(Dienstplan!H103="","",Dienstplan!H103) | I8: =IF(Dienstplan!I103="","",Dienstplan!I103) | ... AE8: =IF(Dienstplan!AE103="","",Dienstplan!AE103)
A9: Wunsch | B9: =IF(Dienstplan!B104="","",Dienstplan!B104) | C9: =IF(Dienstplan!C104="","",Dienstplan!C104) | D9: =IF(Dienstplan!D104="","",Dienstplan!D104) | E9: =IF(Dienstplan!E104="","",Dienstplan!E104) | F9: =IF(Dienstplan!F104="","",Dienstplan!F104) | G9: =IF(Dienstplan!G104="","",Dienstplan!G104) | H9: =IF(Dienstplan!H104="","",Dienstplan!H104) | I9: =IF(Dienstplan!I104="","",Dienstplan!I104) | ... AE9: =IF(Dienstplan!AE104="","",Dienstplan!AE104)
A10: Göpfrich | B10: =IF(Dienstplan!B105="","",Dienstplan!B105) | C10: =IF(Dienstplan!C105="","",Dienstplan!C105) | D10: =IF(Dienstplan!D105="","",Dienstplan!D105) | E10: =IF(Dienstplan!E105="","",Dienstplan!E105) | F10: =IF(Dienstplan!F105="","",Dienstplan!F105) | G10: =IF(Dienstplan!G105="","",Dienstplan!G105) | H10: =IF(Dienstplan!H105="","",Dienstplan!H105) | I10: =IF(Dienstplan!I105="","",Dienstplan!I105) | ... AE10: =IF(Dienstplan!AE105="","",Dienstplan!AE105)
A11: Zeller | B11: =IF(Dienstplan!B106="","",Dienstplan!B106) | C11: =IF(Dienstplan!C106="","",Dienstplan!C106) | D11: =IF(Dienstplan!D106="","",Dienstplan!D106) | E11: =IF(Dienstplan!E106="","",Dienstplan!E106) | F11: =IF(Dienstplan!F106="","",Dienstplan!F106) | G11: =IF(Dienstplan!G106="","",Dienstplan!G106) | H11: =IF(Dienstplan!H106="","",Dienstplan!H106) | I11: =IF(Dienstplan!I106="","",Dienstplan!I106) | ... AE11: =IF(Dienstplan!AE106="","",Dienstplan!AE106)
A12: Behrendt | B12: =IF(Dienstplan!B107="","",Dienstplan!B107) | C12: =IF(Dienstplan!C107="","",Dienstplan!C107) | D12: =IF(Dienstplan!D107="","",Dienstplan!D107) | E12: =IF(Dienstplan!E107="","",Dienstplan!E107) | F12: =IF(Dienstplan!F107="","",Dienstplan!F107) | G12: =IF(Dienstplan!G107="","",Dienstplan!G107) | H12: =IF(Dienstplan!H107="","",Dienstplan!H107) | I12: =IF(Dienstplan!I107="","",Dienstplan!I107) | ... AE12: =IF(Dienstplan!AE107="","",Dienstplan!AE107)
A13: Krempl | B13: =IF(Dienstplan!B108="","",Dienstplan!B108) | C13: =IF(Dienstplan!C108="","",Dienstplan!C108) | D13: =IF(Dienstplan!D108="","",Dienstplan!D108) | E13: =IF(Dienstplan!E108="","",Dienstplan!E108) | F13: =IF(Dienstplan!F108="","",Dienstplan!F108) | G13: =IF(Dienstplan!G108="","",Dienstplan!G108) | H13: =IF(Dienstplan!H108="","",Dienstplan!H108) | I13: =IF(Dienstplan!I108="","",Dienstplan!I108) | ... AE13: =IF(Dienstplan!AE108="","",Dienstplan!AE108)
A14: Putschler | B14: =IF(Dienstplan!B109="","",Dienstplan!B109) | C14: =IF(Dienstplan!C109="","",Dienstplan!C109) | D14: =IF(Dienstplan!D109="","",Dienstplan!D109) | E14: =IF(Dienstplan!E109="","",Dienstplan!E109) | F14: =IF(Dienstplan!F109="","",Dienstplan!F109) | G14: =IF(Dienstplan!G109="","",Dienstplan!G109) | H14: =IF(Dienstplan!H109="","",Dienstplan!H109) | I14: =IF(Dienstplan!I109="","",Dienstplan!I109) | ... AE14: =IF(Dienstplan!AE109="","",Dienstplan!AE109)
A15: Kunz | B15: =IF(Dienstplan!B110="","",Dienstplan!B110) | C15: =IF(Dienstplan!C110="","",Dienstplan!C110) | D15: =IF(Dienstplan!D110="","",Dienstplan!D110) | E15: =IF(Dienstplan!E110="","",Dienstplan!E110) | F15: =IF(Dienstplan!F110="","",Dienstplan!F110) | G15: =IF(Dienstplan!G110="","",Dienstplan!G110) | H15: =IF(Dienstplan!H110="","",Dienstplan!H110) | I15: =IF(Dienstplan!I110="","",Dienstplan!I110) | ... AE15: =IF(Dienstplan!AE110="","",Dienstplan!AE110)
A16: Schmidt | B16: =IF(Dienstplan!B111="","",Dienstplan!B111) | C16: =IF(Dienstplan!C111="","",Dienstplan!C111) | D16: =IF(Dienstplan!D111="","",Dienstplan!D111) | E16: =IF(Dienstplan!E111="","",Dienstplan!E111) | F16: =IF(Dienstplan!F111="","",Dienstplan!F111) | G16: =IF(Dienstplan!G111="","",Dienstplan!G111) | H16: =IF(Dienstplan!H111="","",Dienstplan!H111) | I16: =IF(Dienstplan!I111="","",Dienstplan!I111) | ... AE16: =IF(Dienstplan!AE111="","",Dienstplan!AE111)
A17: Radimersky | B17: =IF(Dienstplan!B112="","",Dienstplan!B112) | C17: =IF(Dienstplan!C112="","",Dienstplan!C112) | D17: =IF(Dienstplan!D112="","",Dienstplan!D112) | E17: =IF(Dienstplan!E112="","",Dienstplan!E112) | F17: =IF(Dienstplan!F112="","",Dienstplan!F112) | G17: =IF(Dienstplan!G112="","",Dienstplan!G112) | H17: =IF(Dienstplan!H112="","",Dienstplan!H112) | I17: =IF(Dienstplan!I112="","",Dienstplan!I112) | ... AE17: =IF(Dienstplan!AE112="","",Dienstplan!AE112)
A18: Besetzung | B18: =IF(AND(COUNTIF(B6:B17,"FI")>0,COUNTIF(B6:B17,"SI")>0,COUNTIF(B6:B17,"NI")>0),"","!") | C18: =IF(AND(COUNTIF(C6:C17,"FI")>0,COUNTIF(C6:C17,"SI")>0,COUNTIF(C6:C17,"NI")>0),"","!") | D18: =IF(AND(COUNTIF(D6:D17,"FI")>0,COUNTIF(D6:D17,"SI")>0,COUNTIF(D6:D17,"NI")>0),"","!") | E18: =IF(AND(COUNTIF(E6:E17,"FI")>0,COUNTIF(E6:E17,"SI")>0),"","!") | H18: =IF(AND(COUNTIF(H6:H17,"FI")>0,COUNTIF(H6:H17,"SI")>0,COUNTIF(H6:H17,"NI")>0),"","!") | I18: =IF(AND(COUNTIF(I6:I17,"FI")>0,COUNTIF(I6:I17,"SI")>0,COUNTIF(I6:I17,"NI")>0),"","!") | J18: =IF(AND(COUNTIF(J6:J17,"FI")>0,COUNTIF(J6:J17,"SI")>0,COUNTIF(J6:J17,"NI")>0),"","!") | K18: =IF(AND(COUNTIF(K6:K17,"FI")>0,COUNTIF(K6:K17,"SI")>0,COUNTIF(K6:K17,"NI")>0),"","!") | L18: =IF(AND(COUNTIF(L6:L17,"FI")>0,COUNTIF(L6:L17,"SI")>0),"","!") | O18: =IF(AND(COUNTIF(O6:O17,"FI")>0,COUNTIF(O6:O17,"SI")>0,COUNTIF(O6:O17,"NI")>0),"","!") | P18: =IF(AND(COUNTIF(P6:P17,"FI")>0,COUNTIF(P6:P17,"SI")>0,COUNTIF(P6:P17,"NI")>0),"","!") | Q18: =IF(AND(COUNTIF(Q6:Q17,"FI")>0,COUNTIF(Q6:Q17,"SI")>0,COUNTIF(Q6:Q17,"NI")>0),"","!") | R18: =IF(AND(COUNTIF(R6:R17,"FI")>0,COUNTIF(R6:R17,"SI")>0,COUNTIF(R6:R17,"NI")>0),"","!") | S18: =IF(AND(COUNTIF(S6:S17,"FI")>0,COUNTIF(S6:S17,"SI")>0),"","!") | V18: =IF(AND(COUNTIF(V6:V17,"FI")>0,COUNTIF(V6:V17,"SI")>0,COUNTIF(V6:V17,"NI")>0),"","!") | W18: =IF(AND(COUNTIF(W6:W17,"FI")>0,COUNTIF(W6:W17,"SI")>0,COUNTIF(W6:W17,"NI")>0),"","!") | X18: =IF(AND(COUNTIF(X6:X17,"FI")>0,COUNTIF(X6:X17,"SI")>0,COUNTIF(X6:X17,"NI")>0),"","!") | Y18: =IF(AND(COUNTIF(Y6:Y17,"FI")>0,COUNTIF(Y6:Y17,"SI")>0,COUNTIF(Y6:Y17,"NI")>0),"","!") | Z18: =IF(AND(COUNTIF(Z6:Z17,"FI")>0,COUNTIF(Z6:Z17,"SI")>0),"","!") | AC18: =IF(AND(COUNTIF(AC6:AC17,"FI")>0,COUNTIF(AC6:AC17,"SI")>0,COUNTIF(AC6:AC17,"NI")>0),"","!") | AD18: =IF(AND(COUNTIF(AD6:AD17,"FI")>0,COUNTIF(AD6:AD17,"SI")>0,COUNTIF(AD6:AD17,"NI")>0),"","!") | AE18: =IF(AND(COUNTIF(AE6:AE17,"FI")>0,COUNTIF(AE6:AE17,"SI")>0,COUNTIF(AE6:AE17,"NI")>0),"","!")
A20: Legende | P20: Unterschriften
A21: U | D21: Urlaub | H21: FII 06:00-14:00 | K21: Frühschicht II | P21: Erstellt von:
A22: EH 08:00-17:00 | D22: Erste Hilfe | H22: SI 14:00-22:00 | K22: Spätschicht I
A23: KU 08:30-16:30 | D23: Kuppenheim | H23: SII 14:00-21:00 | K23: Spätschicht II | P23: Datum / Unterschrift
A24: A | D24: AU | H24: NI 22:00-06:00 | K24: Nachtschicht I
A25: GT | D25: Gleittag | H25: DI 08:00-15:30 | K25: Dienst I | P25: Genehmigt von:
A26: NST | D26: Ausgleichstag | H26: DII 08:30-16:00 | K26: Dienst II
A27: Fobi | D27: Fortbildung | H27: KT IRTAZ | K27: Koordination | P27: Datum / Unterschrift
A28: FI 06:00-14:00 | D28: Frühschicht I | H28: SD Individuell | K28: Sonderdienst
D29: Wochenende / Feiertag

Sheet Juli
A1: Dienstplan Juli 2027 | AC1: AT: 22 Sa: 5
AE2: Sommerferien
A3: Tag | B3: 1 | C3: 2 | D3: 3 | E3: 4 | F3: 5 | G3: 6 | H3: 7 | I3: 8 | J3: 9 | K3: 10 | L3: 11 | M3: 12 | N3: 13 | O3: 14 | P3: 15 | Q3: 16 | R3: 17 | S3: 18 | T3: 19 | U3: 20 | V3: 21 | W3: 22 | X3: 23 | Y3: 24 | Z3: 25 | AA3: 26 | AB3: 27 | AC3: 28 | AD3: 29 | AE3: 30 | AF3: 31
A4: WT | B4: Do | C4: Fr | D4: Sa | E4: So | F4: Mo | G4: Di | H4: Mi | I4: Do | J4: Fr | K4: Sa | L4: So | M4: Mo | N4: Di | O4: Mi | P4: Do | Q4: Fr | R4: Sa | S4: So | T4: Mo | U4: Di | V4: Mi | W4: Do | X4: Fr | Y4: Sa | Z4: So | AA4: Mo | AB4: Di | AC4: Mi | AD4: Do | AE4: Fr | AF4: Sa
A5: KW | B5: 26 | F5: 27 | M5: 28 | T5: 29 | AA5: 30
A6: Breig | B6: =IF(Dienstplan!B120="","",Dienstplan!B120) | C6: =IF(Dienstplan!C120="","",Dienstplan!C120) | D6: =IF(Dienstplan!D120="","",Dienstplan!D120) | E6: =IF(Dienstplan!E120="","",Dienstplan!E120) | F6: =IF(Dienstplan!F120="","",Dienstplan!F120) | G6: =IF(Dienstplan!G120="","",Dienstplan!G120) | H6: =IF(Dienstplan!H120="","",Dienstplan!H120) | I6: =IF(Dienstplan!I120="","",Dienstplan!I120) | ... AF6: =IF(Dienstplan!AF120="","",Dienstplan!AF120)
A7: Siebert | B7: =IF(Dienstplan!B121="","",Dienstplan!B121) | C7: =IF(Dienstplan!C121="","",Dienstplan!C121) | D7: =IF(Dienstplan!D121="","",Dienstplan!D121) | E7: =IF(Dienstplan!E121="","",Dienstplan!E121) | F7: =IF(Dienstplan!F121="","",Dienstplan!F121) | G7: =IF(Dienstplan!G121="","",Dienstplan!G121) | H7: =IF(Dienstplan!H121="","",Dienstplan!H121) | I7: =IF(Dienstplan!I121="","",Dienstplan!I121) | ... AF7: =IF(Dienstplan!AF121="","",Dienstplan!AF121)
A8: Jochim | B8: =IF(Dienstplan!B122="","",Dienstplan!B122) | C8: =IF(Dienstplan!C122="","",Dienstplan!C122) | D8: =IF(Dienstplan!D122="","",Dienstplan!D122) | E8: =IF(Dienstplan!E122="","",Dienstplan!E122) | F8: =IF(Dienstplan!F122="","",Dienstplan!F122) | G8: =IF(Dienstplan!G122="","",Dienstplan!G122) | H8: =IF(Dienstplan!H122="","",Dienstplan!H122) | I8: =IF(Dienstplan!I122="","",Dienstplan!I122) | ... AF8: =IF(Dienstplan!AF122="","",Dienstplan!AF122)
A9: Wunsch | B9: =IF(Dienstplan!B123="","",Dienstplan!B123) | C9: =IF(Dienstplan!C123="","",Dienstplan!C123) | D9: =IF(Dienstplan!D123="","",Dienstplan!D123) | E9: =IF(Dienstplan!E123="","",Dienstplan!E123) | F9: =IF(Dienstplan!F123="","",Dienstplan!F123) | G9: =IF(Dienstplan!G123="","",Dienstplan!G123) | H9: =IF(Dienstplan!H123="","",Dienstplan!H123) | I9: =IF(Dienstplan!I123="","",Dienstplan!I123) | ... AF9: =IF(Dienstplan!AF123="","",Dienstplan!AF123)
A10: Göpfrich | B10: =IF(Dienstplan!B124="","",Dienstplan!B124) | C10: =IF(Dienstplan!C124="","",Dienstplan!C124) | D10: =IF(Dienstplan!D124="","",Dienstplan!D124) | E10: =IF(Dienstplan!E124="","",Dienstplan!E124) | F10: =IF(Dienstplan!F124="","",Dienstplan!F124) | G10: =IF(Dienstplan!G124="","",Dienstplan!G124) | H10: =IF(Dienstplan!H124="","",Dienstplan!H124) | I10: =IF(Dienstplan!I124="","",Dienstplan!I124) | ... AF10: =IF(Dienstplan!AF124="","",Dienstplan!AF124)
A11: Zeller | B11: =IF(Dienstplan!B125="","",Dienstplan!B125) | C11: =IF(Dienstplan!C125="","",Dienstplan!C125) | D11: =IF(Dienstplan!D125="","",Dienstplan!D125) | E11: =IF(Dienstplan!E125="","",Dienstplan!E125) | F11: =IF(Dienstplan!F125="","",Dienstplan!F125) | G11: =IF(Dienstplan!G125="","",Dienstplan!G125) | H11: =IF(Dienstplan!H125="","",Dienstplan!H125) | I11: =IF(Dienstplan!I125="","",Dienstplan!I125) | ... AF11: =IF(Dienstplan!AF125="","",Dienstplan!AF125)
A12: Behrendt | B12: =IF(Dienstplan!B126="","",Dienstplan!B126) | C12: =IF(Dienstplan!C126="","",Dienstplan!C126) | D12: =IF(Dienstplan!D126="","",Dienstplan!D126) | E12: =IF(Dienstplan!E126="","",Dienstplan!E126) | F12: =IF(Dienstplan!F126="","",Dienstplan!F126) | G12: =IF(Dienstplan!G126="","",Dienstplan!G126) | H12: =IF(Dienstplan!H126="","",Dienstplan!H126) | I12: =IF(Dienstplan!I126="","",Dienstplan!I126) | ... AF12: =IF(Dienstplan!AF126="","",Dienstplan!AF126)
A13: Krempl | B13: =IF(Dienstplan!B127="","",Dienstplan!B127) | C13: =IF(Dienstplan!C127="","",Dienstplan!C127) | D13: =IF(Dienstplan!D127="","",Dienstplan!D127) | E13: =IF(Dienstplan!E127="","",Dienstplan!E127) | F13: =IF(Dienstplan!F127="","",Dienstplan!F127) | G13: =IF(Dienstplan!G127="","",Dienstplan!G127) | H13: =IF(Dienstplan!H127="","",Dienstplan!H127) | I13: =IF(Dienstplan!I127="","",Dienstplan!I127) | ... AF13: =IF(Dienstplan!AF127="","",Dienstplan!AF127)
A14: Putschler | B14: =IF(Dienstplan!B128="","",Dienstplan!B128) | C14: =IF(Dienstplan!C128="","",Dienstplan!C128) | D14: =IF(Dienstplan!D128="","",Dienstplan!D128) | E14: =IF(Dienstplan!E128="","",Dienstplan!E128) | F14: =IF(Dienstplan!F128="","",Dienstplan!F128) | G14: =IF(Dienstplan!G128="","",Dienstplan!G128) | H14: =IF(Dienstplan!H128="","",Dienstplan!H128) | I14: =IF(Dienstplan!I128="","",Dienstplan!I128) | ... AF14: =IF(Dienstplan!AF128="","",Dienstplan!AF128)
A15: Kunz | B15: =IF(Dienstplan!B129="","",Dienstplan!B129) | C15: =IF(Dienstplan!C129="","",Dienstplan!C129) | D15: =IF(Dienstplan!D129="","",Dienstplan!D129) | E15: =IF(Dienstplan!E129="","",Dienstplan!E129) | F15: =IF(Dienstplan!F129="","",Dienstplan!F129) | G15: =IF(Dienstplan!G129="","",Dienstplan!G129) | H15: =IF(Dienstplan!H129="","",Dienstplan!H129) | I15: =IF(Dienstplan!I129="","",Dienstplan!I129) | ... AF15: =IF(Dienstplan!AF129="","",Dienstplan!AF129)
A16: Schmidt | B16: =IF(Dienstplan!B130="","",Dienstplan!B130) | C16: =IF(Dienstplan!C130="","",Dienstplan!C130) | D16: =IF(Dienstplan!D130="","",Dienstplan!D130) | E16: =IF(Dienstplan!E130="","",Dienstplan!E130) | F16: =IF(Dienstplan!F130="","",Dienstplan!F130) | G16: =IF(Dienstplan!G130="","",Dienstplan!G130) | H16: =IF(Dienstplan!H130="","",Dienstplan!H130) | I16: =IF(Dienstplan!I130="","",Dienstplan!I130) | ... AF16: =IF(Dienstplan!AF130="","",Dienstplan!AF130)
A17: Radimersky | B17: =IF(Dienstplan!B131="","",Dienstplan!B131) | C17: =IF(Dienstplan!C131="","",Dienstplan!C131) | D17: =IF(Dienstplan!D131="","",Dienstplan!D131) | E17: =IF(Dienstplan!E131="","",Dienstplan!E131) | F17: =IF(Dienstplan!F131="","",Dienstplan!F131) | G17: =IF(Dienstplan!G131="","",Dienstplan!G131) | H17: =IF(Dienstplan!H131="","",Dienstplan!H131) | I17: =IF(Dienstplan!I131="","",Dienstplan!I131) | ... AF17: =IF(Dienstplan!AF131="","",Dienstplan!AF131)
A18: Besetzung | B18: =IF(AND(COUNTIF(B6:B17,"FI")>0,COUNTIF(B6:B17,"SI")>0,COUNTIF(B6:B17,"NI")>0),"","!") | C18: =IF(AND(COUNTIF(C6:C17,"FI")>0,COUNTIF(C6:C17,"SI")>0),"","!") | F18: =IF(AND(COUNTIF(F6:F17,"FI")>0,COUNTIF(F6:F17,"SI")>0,COUNTIF(F6:F17,"NI")>0),"","!") | G18: =IF(AND(COUNTIF(G6:G17,"FI")>0,COUNTIF(G6:G17,"SI")>0,COUNTIF(G6:G17,"NI")>0),"","!") | H18: =IF(AND(COUNTIF(H6:H17,"FI")>0,COUNTIF(H6:H17,"SI")>0,COUNTIF(H6:H17,"NI")>0),"","!") | I18: =IF(AND(COUNTIF(I6:I17,"FI")>0,COUNTIF(I6:I17,"SI")>0,COUNTIF(I6:I17,"NI")>0),"","!") | J18: =IF(AND(COUNTIF(J6:J17,"FI")>0,COUNTIF(J6:J17,"SI")>0),"","!") | M18: =IF(AND(COUNTIF(M6:M17,"FI")>0,COUNTIF(M6:M17,"SI")>0,COUNTIF(M6:M17,"NI")>0),"","!") | N18: =IF(AND(COUNTIF(N6:N17,"FI")>0,COUNTIF(N6:N17,"SI")>0,COUNTIF(N6:N17,"NI")>0),"","!") | O18: =IF(AND(COUNTIF(O6:O17,"FI")>0,COUNTIF(O6:O17,"SI")>0,COUNTIF(O6:O17,"NI")>0),"","!") | P18: =IF(AND(COUNTIF(P6:P17,"FI")>0,COUNTIF(P6:P17,"SI")>0,COUNTIF(P6:P17,"NI")>0),"","!") | Q18: =IF(AND(COUNTIF(Q6:Q17,"FI")>0,COUNTIF(Q6:Q17,"SI")>0),"","!") | T18: =IF(AND(COUNTIF(T6:T17,"FI")>0,COUNTIF(T6:T17,"SI")>0,COUNTIF(T6:T17,"NI")>0),"","!") | U18: =IF(AND(COUNTIF(U6:U17,"FI")>0,COUNTIF(U6:U17,"SI")>0,COUNTIF(U6:U17,"NI")>0),"","!") | V18: =IF(AND(COUNTIF(V6:V17,"FI")>0,COUNTIF(V6:V17,"SI")>0,COUNTIF(V6:V17,"NI")>0),"","!") | W18: =IF(AND(COUNTIF(W6:W17,"FI")>0,COUNTIF(W6:W17,"SI")>0,COUNTIF(W6:W17,"NI")>0),"","!") | X18: =IF(AND(COUNTIF(X6:X17,"FI")>0,COUNTIF(X6:X17,"SI")>0),"","!") | AA18: =IF(AND(COUNTIF(AA6:AA17,"FI")>0,COUNTIF(AA6:AA17,"SI")>0,COUNTIF(AA6:AA17,"NI")>0),"","!") | AB18: =IF(AND(COUNTIF(AB6:AB17,"FI")>0,COUNTIF(AB6:AB17,"SI")>0,COUNTIF(AB6:AB17,"NI")>0),"","!") | AC18: =IF(AND(COUNTIF(AC6:AC17,"FI")>0,COUNTIF(AC6:AC17,"SI")>0,COUNTIF(AC6:AC17,"NI")>0),"","!") | AD18: =IF(AND(COUNTIF(AD6:AD17,"FI")>0,COUNTIF(AD6:AD17,"SI")>0,COUNTIF(AD6:AD17,"NI")>0),"","!") | AE18: =IF(AND(COUNTIF(AE6:AE17,"FI")>0,COUNTIF(AE6:AE17,"SI")>0),"","!")
A20: Legende | P20: Unterschriften
A21: U | D21: Urlaub | H21: FII 06:00-14:00 | K21: Frühschicht II | P21: Erstellt von:
A22: EH 08:00-17:00 | D22: Erste Hilfe | H22: SI 14:00-22:00 | K22: Spätschicht I
A23: KU 08:30-16:30 | D23: Kuppenheim | H23: SII 14:00-21:00 | K23: Spätschicht II | P23: Datum / Unterschrift
A24: A | D24: AU | H24: NI 22:00-06:00 | K24: Nachtschicht I
A25: GT | D25: Gleittag | H25: DI 08:00-15:30 | K25: Dienst I | P25: Genehmigt von:
A26: NST | D26: Ausgleichstag | H26: DII 08:30-16:00 | K26: Dienst II
A27: Fobi | D27: Fortbildung | H27: KT IRTAZ | K27: Koordination | P27: Datum / Unterschrift
A28: FI 06:00-14:00 | D28: Frühschicht I | H28: SD Individuell | K28: Sonderdienst
D29: Wochenende / Feiertag

Sheet August
A1: Dienstplan August 2027 | AC1: AT: 22 Sa: 4
B2: Sommerferien
A3: Tag | B3: 1 | C3: 2 | D3: 3 | E3: 4 | F3: 5 | G3: 6 | H3: 7 | I3: 8 | J3: 9 | K3: 10 | L3: 11 | M3: 12 | N3: 13 | O3: 14 | P3: 15 | Q3: 16 | R3: 17 | S3: 18 | T3: 19 | U3: 20 | V3: 21 | W3: 22 | X3: 23 | Y3: 24 | Z3: 25 | AA3: 26 | AB3: 27 | AC3: 28 | AD3: 29 | AE3: 30 | AF3: 31
A4: WT | B4: So | C4: Mo | D4: Di | E4: Mi | F4: Do | G4: Fr | H4: Sa | I4: So | J4: Mo | K4: Di | L4: Mi | M4: Do | N4: Fr | O4: Sa | P4: So | Q4: Mo | R4: Di | S4: Mi | T4: Do | U4: Fr | V4: Sa | W4: So | X4: Mo | Y4: Di | Z4: Mi | AA4: Do | AB4: Fr | AC4: Sa | AD4: So | AE4: Mo | AF4: Di
A5: KW | B5: 30 | C5: 31 | J5: 32 | Q5: 33 | X5: 34 | AE5: 35
A6: Breig | B6: =IF(Dienstplan!B139="","",Dienstplan!B139) | C6: =IF(Dienstplan!C139="","",Dienstplan!C139) | D6: =IF(Dienstplan!D139="","",Dienstplan!D139) | E6: =IF(Dienstplan!E139="","",Dienstplan!E139) | F6: =IF(Dienstplan!F139="","",Dienstplan!F139) | G6: =IF(Dienstplan!G139="","",Dienstplan!G139) | H6: =IF(Dienstplan!H139="","",Dienstplan!H139) | I6: =IF(Dienstplan!I139="","",Dienstplan!I139) | ... AF6: =IF(Dienstplan!AF139="","",Dienstplan!AF139)
A7: Siebert | B7: =IF(Dienstplan!B140="","",Dienstplan!B140) | C7: =IF(Dienstplan!C140="","",Dienstplan!C140) | D7: =IF(Dienstplan!D140="","",Dienstplan!D140) | E7: =IF(Dienstplan!E140="","",Dienstplan!E140) | F7: =IF(Dienstplan!F140="","",Dienstplan!F140) | G7: =IF(Dienstplan!G140="","",Dienstplan!G140) | H7: =IF(Dienstplan!H140="","",Dienstplan!H140) | I7: =IF(Dienstplan!I140="","",Dienstplan!I140) | ... AF7: =IF(Dienstplan!AF140="","",Dienstplan!AF140)
A8: Jochim | B8: =IF(Dienstplan!B141="","",Dienstplan!B141) | C8: =IF(Dienstplan!C141="","",Dienstplan!C141) | D8: =IF(Dienstplan!D141="","",Dienstplan!D141) | E8: =IF(Dienstplan!E141="","",Dienstplan!E141) | F8: =IF(Dienstplan!F141="","",Dienstplan!F141) | G8: =IF(Dienstplan!G141="","",Dienstplan!G141) | H8: =IF(Dienstplan!H141="","",Dienstplan!H141) | I8: =IF(Dienstplan!I141="","",Dienstplan!I141) | ... AF8: =IF(Dienstplan!AF141="","",Dienstplan!AF141)
A9: Wunsch | B9: =IF(Dienstplan!B142="","",Dienstplan!B142) | C9: =IF(Dienstplan!C142="","",Dienstplan!C142) | D9: =IF(Dienstplan!D142="","",Dienstplan!D142) | E9: =IF(Dienstplan!E142="","",Dienstplan!E142) | F9: =IF(Dienstplan!F142="","",Dienstplan!F142) | G9: =IF(Dienstplan!G142="","",Dienstplan!G142) | H9: =IF(Dienstplan!H142="","",Dienstplan!H142) | I9: =IF(Dienstplan!I142="","",Dienstplan!I142) | ... AF9: =IF(Dienstplan!AF142="","",Dienstplan!AF142)
A10: Göpfrich | B10: =IF(Dienstplan!B143="","",Dienstplan!B143) | C10: =IF(Dienstplan!C143="","",Dienstplan!C143) | D10: =IF(Dienstplan!D143="","",Dienstplan!D143) | E10: =IF(Dienstplan!E143="","",Dienstplan!E143) | F10: =IF(Dienstplan!F143="","",Dienstplan!F143) | G10: =IF(Dienstplan!G143="","",Dienstplan!G143) | H10: =IF(Dienstplan!H143="","",Dienstplan!H143) | I10: =IF(Dienstplan!I143="","",Dienstplan!I143) | ... AF10: =IF(Dienstplan!AF143="","",Dienstplan!AF143)
A11: Zeller | B11: =IF(Dienstplan!B144="","",Dienstplan!B144) | C11: =IF(Dienstplan!C144="","",Dienstplan!C144) | D11: =IF(Dienstplan!D144="","",Dienstplan!D144) | E11: =IF(Dienstplan!E144="","",Dienstplan!E144) | F11: =IF(Dienstplan!F144="","",Dienstplan!F144) | G11: =IF(Dienstplan!G144="","",Dienstplan!G144) | H11: =IF(Dienstplan!H144="","",Dienstplan!H144) | I11: =IF(Dienstplan!I144="","",Dienstplan!I144) | ... AF11: =IF(Dienstplan!AF144="","",Dienstplan!AF144)
A12: Behrendt | B12: =IF(Dienstplan!B145="","",Dienstplan!B145) | C12: =IF(Dienstplan!C145="","",Dienstplan!C145) | D12: =IF(Dienstplan!D145="","",Dienstplan!D145) | E12: =IF(Dienstplan!E145="","",Dienstplan!E145) | F12: =IF(Dienstplan!F145="","",Dienstplan!F145) | G12: =IF(Dienstplan!G145="","",Dienstplan!G145) | H12: =IF(Dienstplan!H145="","",Dienstplan!H145) | I12: =IF(Dienstplan!I145="","",Dienstplan!I145) | ... AF12: =IF(Dienstplan!AF145="","",Dienstplan!AF145)
A13: Krempl | B13: =IF(Dienstplan!B146="","",Dienstplan!B146) | C13: =IF(Dienstplan!C146="","",Dienstplan!C146) | D13: =IF(Dienstplan!D146="","",Dienstplan!D146) | E13: =IF(Dienstplan!E146="","",Dienstplan!E146) | F13: =IF(Dienstplan!F146="","",Dienstplan!F146) | G13: =IF(Dienstplan!G146="","",Dienstplan!G146) | H13: =IF(Dienstplan!H146="","",Dienstplan!H146) | I13: =IF(Dienstplan!I146="","",Dienstplan!I146) | ... AF13: =IF(Dienstplan!AF146="","",Dienstplan!AF146)
A14: Putschler | B14: =IF(Dienstplan!B147="","",Dienstplan!B147) | C14: =IF(Dienstplan!C147="","",Dienstplan!C147) | D14: =IF(Dienstplan!D147="","",Dienstplan!D147) | E14: =IF(Dienstplan!E147="","",Dienstplan!E147) | F14: =IF(Dienstplan!F147="","",Dienstplan!F147) | G14: =IF(Dienstplan!G147="","",Dienstplan!G147) | H14: =IF(Dienstplan!H147="","",Dienstplan!H147) | I14: =IF(Dienstplan!I147="","",Dienstplan!I147) | ... AF14: =IF(Dienstplan!AF147="","",Dienstplan!AF147)
A15: Kunz | B15: =IF(Dienstplan!B148="","",Dienstplan!B148) | C15: =IF(Dienstplan!C148="","",Dienstplan!C148) | D15: =IF(Dienstplan!D148="","",Dienstplan!D148) | E15: =IF(Dienstplan!E148="","",Dienstplan!E148) | F15: =IF(Dienstplan!F148="","",Dienstplan!F148) | G15: =IF(Dienstplan!G148="","",Dienstplan!G148) | H15: =IF(Dienstplan!H148="","",Dienstplan!H148) | I15: =IF(Dienstplan!I148="","",Dienstplan!I148) | ... AF15: =IF(Dienstplan!AF148="","",Dienstplan!AF148)
A16: Schmidt | B16: =IF(Dienstplan!B149="","",Dienstplan!B149) | C16: =IF(Dienstplan!C149="","",Dienstplan!C149) | D16: =IF(Dienstplan!D149="","",Dienstplan!D149) | E16: =IF(Dienstplan!E149="","",Dienstplan!E149) | F16: =IF(Dienstplan!F149="","",Dienstplan!F149) | G16: =IF(Dienstplan!G149="","",Dienstplan!G149) | H16: =IF(Dienstplan!H149="","",Dienstplan!H149) | I16: =IF(Dienstplan!I149="","",Dienstplan!I149) | ... AF16: =IF(Dienstplan!AF149="","",Dienstplan!AF149)
A17: Radimersky | B17: =IF(Dienstplan!B150="","",Dienstplan!B150) | C17: =IF(Dienstplan!C150="","",Dienstplan!C150) | D17: =IF(Dienstplan!D150="","",Dienstplan!D150) | E17: =IF(Dienstplan!E150="","",Dienstplan!E150) | F17: =IF(Dienstplan!F150="","",Dienstplan!F150) | G17: =IF(Dienstplan!G150="","",Dienstplan!G150) | H17: =IF(Dienstplan!H150="","",Dienstplan!H150) | I17: =IF(Dienstplan!I150="","",Dienstplan!I150) | ... AF17: =IF(Dienstplan!AF150="","",Dienstplan!AF150)
A18: Besetzung | C18: =IF(AND(COUNTIF(C6:C17,"FI")>0,COUNTIF(C6:C17,"SI")>0,COUNTIF(C6:C17,"NI")>0),"","!") | D18: =IF(AND(COUNTIF(D6:D17,"FI")>0,COUNTIF(D6:D17,"SI")>0,COUNTIF(D6:D17,"NI")>0),"","!") | E18: =IF(AND(COUNTIF(E6:E17,"FI")>0,COUNTIF(E6:E17,"SI")>0,COUNTIF(E6:E17,"NI")>0),"","!") | F18: =IF(AND(COUNTIF(F6:F17,"FI")>0,COUNTIF(F6:F17,"SI")>0,COUNTIF(F6:F17,"NI")>0),"","!") | G18: =IF(AND(COUNTIF(G6:G17,"FI")>0,COUNTIF(G6:G17,"SI")>0),"","!") | J18: =IF(AND(COUNTIF(J6:J17,"FI")>0,COUNTIF(J6:J17,"SI")>0,COUNTIF(J6:J17,"NI")>0),"","!") | K18: =IF(AND(COUNTIF(K6:K17,"FI")>0,COUNTIF(K6:K17,"SI")>0,COUNTIF(K6:K17,"NI")>0),"","!") | L18: =IF(AND(COUNTIF(L6:L17,"FI")>0,COUNTIF(L6:L17,"SI")>0,COUNTIF(L6:L17,"NI")>0),"","!") | M18: =IF(AND(COUNTIF(M6:M17,"FI")>0,COUNTIF(M6:M17,"SI")>0,COUNTIF(M6:M17,"NI")>0),"","!") | N18: =IF(AND(COUNTIF(N6:N17,"FI")>0,COUNTIF(N6:N17,"SI")>0),"","!") | Q18: =IF(AND(COUNTIF(Q6:Q17,"FI")>0,COUNTIF(Q6:Q17,"SI")>0,COUNTIF(Q6:Q17,"NI")>0),"","!") | R18: =IF(AND(COUNTIF(R6:R17,"FI")>0,COUNTIF(R6:R17,"SI")>0,COUNTIF(R6:R17,"NI")>0),"","!") | S18: =IF(AND(COUNTIF(S6:S17,"FI")>0,COUNTIF(S6:S17,"SI")>0,COUNTIF(S6:S17,"NI")>0),"","!") | T18: =IF(AND(COUNTIF(T6:T17,"FI")>0,COUNTIF(T6:T17,"SI")>0,COUNTIF(T6:T17,"NI")>0),"","!") | U18: =IF(AND(COUNTIF(U6:U17,"FI")>0,COUNTIF(U6:U17,"SI")>0),"","!") | X18: =IF(AND(COUNTIF(X6:X17,"FI")>0,COUNTIF(X6:X17,"SI")>0,COUNTIF(X6:X17,"NI")>0),"","!") | Y18: =IF(AND(COUNTIF(Y6:Y17,"FI")>0,COUNTIF(Y6:Y17,"SI")>0,COUNTIF(Y6:Y17,"NI")>0),"","!") | Z18: =IF(AND(COUNTIF(Z6:Z17,"FI")>0,COUNTIF(Z6:Z17,"SI")>0,COUNTIF(Z6:Z17,"NI")>0),"","!") | AA18: =IF(AND(COUNTIF(AA6:AA17,"FI")>0,COUNTIF(AA6:AA17,"SI")>0,COUNTIF(AA6:AA17,"NI")>0),"","!") | AB18: =IF(AND(COUNTIF(AB6:AB17,"FI")>0,COUNTIF(AB6:AB17,"SI")>0),"","!") | AE18: =IF(AND(COUNTIF(AE6:AE17,"FI")>0,COUNTIF(AE6:AE17,"SI")>0,COUNTIF(AE6:AE17,"NI")>0),"","!") | AF18: =IF(AND(COUNTIF(AF6:AF17,"FI")>0,COUNTIF(AF6:AF17,"SI")>0,COUNTIF(AF6:AF17,"NI")>0),"","!")
A20: Legende | P20: Unterschriften
A21: U | D21: Urlaub | H21: FII 06:00-14:00 | K21: Frühschicht II | P21: Erstellt von:
A22: EH 08:00-17:00 | D22: Erste Hilfe | H22: SI 14:00-22:00 | K22: Spätschicht I
A23: KU 08:30-16:30 | D23: Kuppenheim | H23: SII 14:00-21:00 | K23: Spätschicht II | P23: Datum / Unterschrift
A24: A | D24: AU | H24: NI 22:00-06:00 | K24: Nachtschicht I
A25: GT | D25: Gleittag | H25: DI 08:00-15:30 | K25: Dienst I | P25: Genehmigt von:
A26: NST | D26: Ausgleichstag | H26: DII 08:30-16:00 | K26: Dienst II
A27: Fobi | D27: Fortbildung | H27: KT IRTAZ | K27: Koordination | P27: Datum / Unterschrift
A28: FI 06:00-14:00 | D28: Frühschicht I | H28: SD Individuell | K28: Sonderdienst
D29: Wochenende / Feiertag

Sheet September
A1: Dienstplan September 2027 | AB1: AT: 22 Sa: 4
B2: Sommerferien
A3: Tag | B3: 1 | C3: 2 | D3: 3 | E3: 4 | F3: 5 | G3: 6 | H3: 7 | I3: 8 | J3: 9 | K3: 10 | L3: 11 | M3: 12 | N3: 13 | O3: 14 | P3: 15 | Q3: 16 | R3: 17 | S3: 18 | T3: 19 | U3: 20 | V3: 21 | W3: 22 | X3: 23 | Y3: 24 | Z3: 25 | AA3: 26 | AB3: 27 | AC3: 28 | AD3: 29 | AE3: 30
A4: WT | B4: Mi | C4: Do | D4: Fr | E4: Sa | F4: So | G4: Mo | H4: Di | I4: Mi | J4: Do | K4: Fr | L4: Sa | M4: So | N4: Mo | O4: Di | P4: Mi | Q4: Do | R4: Fr | S4: Sa | T4: So | U4: Mo | V4: Di | W4: Mi | X4: Do | Y4: Fr | Z4: Sa | AA4: So | AB4: Mo | AC4: Di | AD4: Mi | AE4: Do
A5: KW | B5: 35 | G5: 36 | N5: 37 | U5: 38 | AB5: 39
A6: Breig | B6: =IF(Dienstplan!B158="","",Dienstplan!B158) | C6: =IF(Dienstplan!C158="","",Dienstplan!C158) | D6: =IF(Dienstplan!D158="","",Dienstplan!D158) | E6: =IF(Dienstplan!E158="","",Dienstplan!E158) | F6: =IF(Dienstplan!F158="","",Dienstplan!F158) | G6: =IF(Dienstplan!G158="","",Dienstplan!G158) | H6: =IF(Dienstplan!H158="","",Dienstplan!H158) | I6: =IF(Dienstplan!I158="","",Dienstplan!I158) | ... AE6: =IF(Dienstplan!AE158="","",Dienstplan!AE158)
A7: Siebert | B7: =IF(Dienstplan!B159="","",Dienstplan!B159) | C7: =IF(Dienstplan!C159="","",Dienstplan!C159) | D7: =IF(Dienstplan!D159="","",Dienstplan!D159) | E7: =IF(Dienstplan!E159="","",Dienstplan!E159) | F7: =IF(Dienstplan!F159="","",Dienstplan!F159) | G7: =IF(Dienstplan!G159="","",Dienstplan!G159) | H7: =IF(Dienstplan!H159="","",Dienstplan!H159) | I7: =IF(Dienstplan!I159="","",Dienstplan!I159) | ... AE7: =IF(Dienstplan!AE159="","",Dienstplan!AE159)
A8: Jochim | B8: =IF(Dienstplan!B160="","",Dienstplan!B160) | C8: =IF(Dienstplan!C160="","",Dienstplan!C160) | D8: =IF(Dienstplan!D160="","",Dienstplan!D160) | E8: =IF(Dienstplan!E160="","",Dienstplan!E160) | F8: =IF(Dienstplan!F160="","",Dienstplan!F160) | G8: =IF(Dienstplan!G160="","",Dienstplan!G160) | H8: =IF(Dienstplan!H160="","",Dienstplan!H160) | I8: =IF(Dienstplan!I160="","",Dienstplan!I160) | ... AE8: =IF(Dienstplan!AE160="","",Dienstplan!AE160)
A9: Wunsch | B9: =IF(Dienstplan!B161="","",Dienstplan!B161) | C9: =IF(Dienstplan!C161="","",Dienstplan!C161) | D9: =IF(Dienstplan!D161="","",Dienstplan!D161) | E9: =IF(Dienstplan!E161="","",Dienstplan!E161) | F9: =IF(Dienstplan!F161="","",Dienstplan!F161) | G9: =IF(Dienstplan!G161="","",Dienstplan!G161) | H9: =IF(Dienstplan!H161="","",Dienstplan!H161) | I9: =IF(Dienstplan!I161="","",Dienstplan!I161) | ... AE9: =IF(Dienstplan!AE161="","",Dienstplan!AE161)
A10: Göpfrich | B10: =IF(Dienstplan!B162="","",Dienstplan!B162) | C10: =IF(Dienstplan!C162="","",Dienstplan!C162) | D10: =IF(Dienstplan!D162="","",Dienstplan!D162) | E10: =IF(Dienstplan!E162="","",Dienstplan!E162) | F10: =IF(Dienstplan!F162="","",Dienstplan!F162) | G10: =IF(Dienstplan!G162="","",Dienstplan!G162) | H10: =IF(Dienstplan!H162="","",Dienstplan!H162) | I10: =IF(Dienstplan!I162="","",Dienstplan!I162) | ... AE10: =IF(Dienstplan!AE162="","",Dienstplan!AE162)
A11: Zeller | B11: =IF(Dienstplan!B163="","",Dienstplan!B163) | C11: =IF(Dienstplan!C163="","",Dienstplan!C163) | D11: =IF(Dienstplan!D163="","",Dienstplan!D163) | E11: =IF(Dienstplan!E163="","",Dienstplan!E163) | F11: =IF(Dienstplan!F163="","",Dienstplan!F163) | G11: =IF(Dienstplan!G163="","",Dienstplan!G163) | H11: =IF(Dienstplan!H163="","",Dienstplan!H163) | I11: =IF(Dienstplan!I163="","",Dienstplan!I163) | ... AE11: =IF(Dienstplan!AE163="","",Dienstplan!AE163)
A12: Behrendt | B12: =IF(Dienstplan!B164="","",Dienstplan!B164) | C12: =IF(Dienstplan!C164="","",Dienstplan!C164) | D12: =IF(Dienstplan!D164="","",Dienstplan!D164) | E12: =IF(Dienstplan!E164="","",Dienstplan!E164) | F12: =IF(Dienstplan!F164="","",Dienstplan!F164) | G12: =IF(Dienstplan!G164="","",Dienstplan!G164) | H12: =IF(Dienstplan!H164="","",Dienstplan!H164) | I12: =IF(Dienstplan!I164="","",Dienstplan!I164) | ... AE12: =IF(Dienstplan!AE164="","",Dienstplan!AE164)
A13: Krempl | B13: =IF(Dienstplan!B165="","",Dienstplan!B165) | C13: =IF(Dienstplan!C165="","",Dienstplan!C165) | D13: =IF(Dienstplan!D165="","",Dienstplan!D165) | E13: =IF(Dienstplan!E165="","",Dienstplan!E165) | F13: =IF(Dienstplan!F165="","",Dienstplan!F165) | G13: =IF(Dienstplan!G165="","",Dienstplan!G165) | H13: =IF(Dienstplan!H165="","",Dienstplan!H165) | I13: =IF(Dienstplan!I165="","",Dienstplan!I165) | ... AE13: =IF(Dienstplan!AE165="","",Dienstplan!AE165)
A14: Putschler | B14: =IF(Dienstplan!B166="","",Dienstplan!B166) | C14: =IF(Dienstplan!C166="","",Dienstplan!C166) | D14: =IF(Dienstplan!D166="","",Dienstplan!D166) | E14: =IF(Dienstplan!E166="","",Dienstplan!E166) | F14: =IF(Dienstplan!F166="","",Dienstplan!F166) | G14: =IF(Dienstplan!G166="","",Dienstplan!G166) | H14: =IF(Dienstplan!H166="","",Dienstplan!H166) | I14: =IF(Dienstplan!I166="","",Dienstplan!I166) | ... AE14: =IF(Dienstplan!AE166="","",Dienstplan!AE166)
A15: Kunz | B15: =IF(Dienstplan!B167="","",Dienstplan!B167) | C15: =IF(Dienstplan!C167="","",Dienstplan!C167) | D15: =IF(Dienstplan!D167="","",Dienstplan!D167) | E15: =IF(Dienstplan!E167="","",Dienstplan!E167) | F15: =IF(Dienstplan!F167="","",Dienstplan!F167) | G15: =IF(Dienstplan!G167="","",Dienstplan!G167) | H15: =IF(Dienstplan!H167="","",Dienstplan!H167) | I15: =IF(Dienstplan!I167="","",Dienstplan!I167) | ... AE15: =IF(Dienstplan!AE167="","",Dienstplan!AE167)
A16: Schmidt | B16: =IF(Dienstplan!B168="","",Dienstplan!B168) | C16: =IF(Dienstplan!C168="","",Dienstplan!C168) | D16: =IF(Dienstplan!D168="","",Dienstplan!D168) | E16: =IF(Dienstplan!E168="","",Dienstplan!E168) | F16: =IF(Dienstplan!F168="","",Dienstplan!F168) | G16: =IF(Dienstplan!G168="","",Dienstplan!G168) | H16: =IF(Dienstplan!H168="","",Dienstplan!H168) | I16: =IF(Dienstplan!I168="","",Dienstplan!I168) | ... AE16: =IF(Dienstplan!AE168="","",Dienstplan!AE168)
A17: Radimersky | B17: =IF(Dienstplan!B169="","",Dienstplan!B169) | C17: =IF(Dienstplan!C169="","",Dienstplan!C169) | D17: =IF(Dienstplan!D169="","",Dienstplan!D169) | E17: =IF(Dienstplan!E169="","",Dienstplan!E169) | F17: =IF(Dienstplan!F169="","",Dienstplan!F169) | G17: =IF(Dienstplan!G169="","",Dienstplan!G169) | H17: =IF(Dienstplan!H169="","",Dienstplan!H169) | I17: =IF(Dienstplan!I169="","",Dienstplan!I169) | ... AE17: =IF(Dienstplan!AE169="","",Dienstplan!AE169)
A18: Besetzung | B18: =IF(AND(COUNTIF(B6:B17,"FI")>0,COUNTIF(B6:B17,"SI")>0,COUNTIF(B6:B17,"NI")>0),"","!") | C18: =IF(AND(COUNTIF(C6:C17,"FI")>0,COUNTIF(C6:C17,"SI")>0,COUNTIF(C6:C17,"NI")>0),"","!") | D18: =IF(AND(COUNTIF(D6:D17,"FI")>0,COUNTIF(D6:D17,"SI")>0),"","!") | G18: =IF(AND(COUNTIF(G6:G17,"FI")>0,COUNTIF(G6:G17,"SI")>0,COUNTIF(G6:G17,"NI")>0),"","!") | H18: =IF(AND(COUNTIF(H6:H17,"FI")>0,COUNTIF(H6:H17,"SI")>0,COUNTIF(H6:H17,"NI")>0),"","!") | I18: =IF(AND(COUNTIF(I6:I17,"FI")>0,COUNTIF(I6:I17,"SI")>0,COUNTIF(I6:I17,"NI")>0),"","!") | J18: =IF(AND(COUNTIF(J6:J17,"FI")>0,COUNTIF(J6:J17,"SI")>0,COUNTIF(J6:J17,"NI")>0),"","!") | K18: =IF(AND(COUNTIF(K6:K17,"FI")>0,COUNTIF(K6:K17,"SI")>0),"","!") | N18: =IF(AND(COUNTIF(N6:N17,"FI")>0,COUNTIF(N6:N17,"SI")>0,COUNTIF(N6:N17,"NI")>0),"","!") | O18: =IF(AND(COUNTIF(O6:O17,"FI")>0,COUNTIF(O6:O17,"SI")>0,COUNTIF(O6:O17,"NI")>0),"","!") | P18: =IF(AND(COUNTIF(P6:P17,"FI")>0,COUNTIF(P6:P17,"SI")>0,COUNTIF(P6:P17,"NI")>0),"","!") | Q18: =IF(AND(COUNTIF(Q6:Q17,"FI")>0,COUNTIF(Q6:Q17,"SI")>0,COUNTIF(Q6:Q17,"NI")>0),"","!") | R18: =IF(AND(COUNTIF(R6:R17,"FI")>0,COUNTIF(R6:R17,"SI")>0),"","!") | U18: =IF(AND(COUNTIF(U6:U17,"FI")>0,COUNTIF(U6:U17,"SI")>0,COUNTIF(U6:U17,"NI")>0),"","!") | V18: =IF(AND(COUNTIF(V6:V17,"FI")>0,COUNTIF(V6:V17,"SI")>0,COUNTIF(V6:V17,"NI")>0),"","!") | W18: =IF(AND(COUNTIF(W6:W17,"FI")>0,COUNTIF(W6:W17,"SI")>0,COUNTIF(W6:W17,"NI")>0),"","!") | X18: =IF(AND(COUNTIF(X6:X17,"FI")>0,COUNTIF(X6:X17,"SI")>0,COUNTIF(X6:X17,"NI")>0),"","!") | Y18: =IF(AND(COUNTIF(Y6:Y17,"FI")>0,COUNTIF(Y6:Y17,"SI")>0),"","!") | AB18: =IF(AND(COUNTIF(AB6:AB17,"FI")>0,COUNTIF(AB6:AB17,"SI")>0,COUNTIF(AB6:AB17,"NI")>0),"","!") | AC18: =IF(AND(COUNTIF(AC6:AC17,"FI")>0,COUNTIF(AC6:AC17,"SI")>0,COUNTIF(AC6:AC17,"NI")>0),"","!") | AD18: =IF(AND(COUNTIF(AD6:AD17,"FI")>0,COUNTIF(AD6:AD17,"SI")>0,COUNTIF(AD6:AD17,"NI")>0),"","!") | AE18: =IF(AND(COUNTIF(AE6:AE17,"FI")>0,COUNTIF(AE6:AE17,"SI")>0,COUNTIF(AE6:AE17,"NI")>0),"","!")
A20: Legende | P20: Unterschriften
A21: U | D21: Urlaub | H21: FII 06:00-14:00 | K21: Frühschicht II | P21: Erstellt von:
A22: EH 08:00-17:00 | D22: Erste Hilfe | H22: SI 14:00-22:00 | K22: Spätschicht I
A23: KU 08:30-16:30 | D23: Kuppenheim | H23: SII 14:00-21:00 | K23: Spätschicht II | P23: Datum / Unterschrift
A24: A | D24: AU | H24: NI 22:00-06:00 | K24: Nachtschicht I
A25: GT | D25: Gleittag | H25: DI 08:00-15:30 | K25: Dienst I | P25: Genehmigt von:
A26: NST | D26: Ausgleichstag | H26: DII 08:30-16:00 | K26: Dienst II
A27: Fobi | D27: Fortbildung | H27: KT IRTAZ | K27: Koordination | P27: Datum / Unterschrift
A28: FI 06:00-14:00 | D28: Frühschicht I | H28: SD Individuell | K28: Sonderdienst
D29: Wochenende / Feiertag

Sheet Oktober
A1: Dienstplan Oktober 2027 | AC1: AT: 21 Sa: 5
Z2: Herbstferien
A3: Tag | B3: 1 | C3: 2 | D3: 3 | E3: 4 | F3: 5 | G3: 6 | H3: 7 | I3: 8 | J3: 9 | K3: 10 | L3: 11 | M3: 12 | N3: 13 | O3: 14 | P3: 15 | Q3: 16 | R3: 17 | S3: 18 | T3: 19 | U3: 20 | V3: 21 | W3: 22 | X3: 23 | Y3: 24 | Z3: 25 | AA3: 26 | AB3: 27 | AC3: 28 | AD3: 29 | AE3: 30 | AF3: 31
A4: WT | B4: Fr | C4: Sa | D4: So | E4: Mo | F4: Di | G4: Mi | H4: Do | I4: Fr | J4: Sa | K4: So | L4: Mo | M4: Di | N4: Mi | O4: Do | P4: Fr | Q4: Sa | R4: So | S4: Mo | T4: Di | U4: Mi | V4: Do | W4: Fr | X4: Sa | Y4: So | Z4: Mo | AA4: Di | AB4: Mi | AC4: Do | AD4: Fr | AE4: Sa | AF4: So
A5: KW | B5: 39 | E5: 40 | L5: 41 | S5: 42 | Z5: 43
A6: Breig | B6: =IF(Dienstplan!B177="","",Dienstplan!B177) | C6: =IF(Dienstplan!C177="","",Dienstplan!C177) | D6: =IF(Dienstplan!D177="","",Dienstplan!D177) | E6: =IF(Dienstplan!E177="","",Dienstplan!E177) | F6: =IF(Dienstplan!F177="","",Dienstplan!F177) | G6: =IF(Dienstplan!G177="","",Dienstplan!G177) | H6: =IF(Dienstplan!H177="","",Dienstplan!H177) | I6: =IF(Dienstplan!I177="","",Dienstplan!I177) | ... AF6: =IF(Dienstplan!AF177="","",Dienstplan!AF177)
A7: Siebert | B7: =IF(Dienstplan!B178="","",Dienstplan!B178) | C7: =IF(Dienstplan!C178="","",Dienstplan!C178) | D7: =IF(Dienstplan!D178="","",Dienstplan!D178) | E7: =IF(Dienstplan!E178="","",Dienstplan!E178) | F7: =IF(Dienstplan!F178="","",Dienstplan!F178) | G7: =IF(Dienstplan!G178="","",Dienstplan!G178) | H7: =IF(Dienstplan!H178="","",Dienstplan!H178) | I7: =IF(Dienstplan!I178="","",Dienstplan!I178) | ... AF7: =IF(Dienstplan!AF178="","",Dienstplan!AF178)
A8: Jochim | B8: =IF(Dienstplan!B179="","",Dienstplan!B179) | C8: =IF(Dienstplan!C179="","",Dienstplan!C179) | D8: =IF(Dienstplan!D179="","",Dienstplan!D179) | E8: =IF(Dienstplan!E179="","",Dienstplan!E179) | F8: =IF(Dienstplan!F179="","",Dienstplan!F179) | G8: =IF(Dienstplan!G179="","",Dienstplan!G179) | H8: =IF(Dienstplan!H179="","",Dienstplan!H179) | I8: =IF(Dienstplan!I179="","",Dienstplan!I179) | ... AF8: =IF(Dienstplan!AF179="","",Dienstplan!AF179)
A9: Wunsch | B9: =IF(Dienstplan!B180="","",Dienstplan!B180) | C9: =IF(Dienstplan!C180="","",Dienstplan!C180) | D9: =IF(Dienstplan!D180="","",Dienstplan!D180) | E9: =IF(Dienstplan!E180="","",Dienstplan!E180) | F9: =IF(Dienstplan!F180="","",Dienstplan!F180) | G9: =IF(Dienstplan!G180="","",Dienstplan!G180) | H9: =IF(Dienstplan!H180="","",Dienstplan!H180) | I9: =IF(Dienstplan!I180="","",Dienstplan!I180) | ... AF9: =IF(Dienstplan!AF180="","",Dienstplan!AF180)
A10: Göpfrich | B10: =IF(Dienstplan!B181="","",Dienstplan!B181) | C10: =IF(Dienstplan!C181="","",Dienstplan!C181) | D10: =IF(Dienstplan!D181="","",Dienstplan!D181) | E10: =IF(Dienstplan!E181="","",Dienstplan!E181) | F10: =IF(Dienstplan!F181="","",Dienstplan!F181) | G10: =IF(Dienstplan!G181="","",Dienstplan!G181) | H10: =IF(Dienstplan!H181="","",Dienstplan!H181) | I10: =IF(Dienstplan!I181="","",Dienstplan!I181) | ... AF10: =IF(Dienstplan!AF181="","",Dienstplan!AF181)
A11: Zeller | B11: =IF(Dienstplan!B182="","",Dienstplan!B182) | C11: =IF(Dienstplan!C182="","",Dienstplan!C182) | D11: =IF(Dienstplan!D182="","",Dienstplan!D182) | E11: =IF(Dienstplan!E182="","",Dienstplan!E182) | F11: =IF(Dienstplan!F182="","",Dienstplan!F182) | G11: =IF(Dienstplan!G182="","",Dienstplan!G182) | H11: =IF(Dienstplan!H182="","",Dienstplan!H182) | I11: =IF(Dienstplan!I182="","",Dienstplan!I182) | ... AF11: =IF(Dienstplan!AF182="","",Dienstplan!AF182)
A12: Behrendt | B12: =IF(Dienstplan!B183="","",Dienstplan!B183) | C12: =IF(Dienstplan!C183="","",Dienstplan!C183) | D12: =IF(Dienstplan!D183="","",Dienstplan!D183) | E12: =IF(Dienstplan!E183="","",Dienstplan!E183) | F12: =IF(Dienstplan!F183="","",Dienstplan!F183) | G12: =IF(Dienstplan!G183="","",Dienstplan!G183) | H12: =IF(Dienstplan!H183="","",Dienstplan!H183) | I12: =IF(Dienstplan!I183="","",Dienstplan!I183) | ... AF12: =IF(Dienstplan!AF183="","",Dienstplan!AF183)
A13: Krempl | B13: =IF(Dienstplan!B184="","",Dienstplan!B184) | C13: =IF(Dienstplan!C184="","",Dienstplan!C184) | D13: =IF(Dienstplan!D184="","",Dienstplan!D184) | E13: =IF(Dienstplan!E184="","",Dienstplan!E184) | F13: =IF(Dienstplan!F184="","",Dienstplan!F184) | G13: =IF(Dienstplan!G184="","",Dienstplan!G184) | H13: =IF(Dienstplan!H184="","",Dienstplan!H184) | I13: =IF(Dienstplan!I184="","",Dienstplan!I184) | ... AF13: =IF(Dienstplan!AF184="","",Dienstplan!AF184)
A14: Putschler | B14: =IF(Dienstplan!B185="","",Dienstplan!B185) | C14: =IF(Dienstplan!C185="","",Dienstplan!C185) | D14: =IF(Dienstplan!D185="","",Dienstplan!D185) | E14: =IF(Dienstplan!E185="","",Dienstplan!E185) | F14: =IF(Dienstplan!F185="","",Dienstplan!F185) | G14: =IF(Dienstplan!G185="","",Dienstplan!G185) | H14: =IF(Dienstplan!H185="","",Dienstplan!H185) | I14: =IF(Dienstplan!I185="","",Dienstplan!I185) | ... AF14: =IF(Dienstplan!AF185="","",Dienstplan!AF185)
A15: Kunz | B15: =IF(Dienstplan!B186="","",Dienstplan!B186) | C15: =IF(Dienstplan!C186="","",Dienstplan!C186) | D15: =IF(Dienstplan!D186="","",Dienstplan!D186) | E15: =IF(Dienstplan!E186="","",Dienstplan!E186) | F15: =IF(Dienstplan!F186="","",Dienstplan!F186) | G15: =IF(Dienstplan!G186="","",Dienstplan!G186) | H15: =IF(Dienstplan!H186="","",Dienstplan!H186) | I15: =IF(Dienstplan!I186="","",Dienstplan!I186) | ... AF15: =IF(Dienstplan!AF186="","",Dienstplan!AF186)
A16: Schmidt | B16: =IF(Dienstplan!B187="","",Dienstplan!B187) | C16: =IF(Dienstplan!C187="","",Dienstplan!C187) | D16: =IF(Dienstplan!D187="","",Dienstplan!D187) | E16: =IF(Dienstplan!E187="","",Dienstplan!E187) | F16: =IF(Dienstplan!F187="","",Dienstplan!F187) | G16: =IF(Dienstplan!G187="","",Dienstplan!G187) | H16: =IF(Dienstplan!H187="","",Dienstplan!H187) | I16: =IF(Dienstplan!I187="","",Dienstplan!I187) | ... AF16: =IF(Dienstplan!AF187="","",Dienstplan!AF187)
A17: Radimersky | B17: =IF(Dienstplan!B188="","",Dienstplan!B188) | C17: =IF(Dienstplan!C188="","",Dienstplan!C188) | D17: =IF(Dienstplan!D188="","",Dienstplan!D188) | E17: =IF(Dienstplan!E188="","",Dienstplan!E188) | F17: =IF(Dienstplan!F188="","",Dienstplan!F188) | G17: =IF(Dienstplan!G188="","",Dienstplan!G188) | H17: =IF(Dienstplan!H188="","",Dienstplan!H188) | I17: =IF(Dienstplan!I188="","",Dienstplan!I188) | ... AF17: =IF(Dienstplan!AF188="","",Dienstplan!AF188)
A18: Besetzung | B18: =IF(AND(COUNTIF(B6:B17,"FI")>0,COUNTIF(B6:B17,"SI")>0),"","!") | E18: =IF(AND(COUNTIF(E6:E17,"FI")>0,COUNTIF(E6:E17,"SI")>0,COUNTIF(E6:E17,"NI")>0),"","!") | F18: =IF(AND(COUNTIF(F6:F17,"FI")>0,COUNTIF(F6:F17,"SI")>0,COUNTIF(F6:F17,"NI")>0),"","!") | G18: =IF(AND(COUNTIF(G6:G17,"FI")>0,COUNTIF(G6:G17,"SI")>0,COUNTIF(G6:G17,"NI")>0),"","!") | H18: =IF(AND(COUNTIF(H6:H17,"FI")>0,COUNTIF(H6:H17,"SI")>0,COUNTIF(H6:H17,"NI")>0),"","!") | I18: =IF(AND(COUNTIF(I6:I17,"FI")>0,COUNTIF(I6:I17,"SI")>0),"","!") | L18: =IF(AND(COUNTIF(L6:L17,"FI")>0,COUNTIF(L6:L17,"SI")>0,COUNTIF(L6:L17,"NI")>0),"","!") | M18: =IF(AND(COUNTIF(M6:M17,"FI")>0,COUNTIF(M6:M17,"SI")>0,COUNTIF(M6:M17,"NI")>0),"","!") | N18: =IF(AND(COUNTIF(N6:N17,"FI")>0,COUNTIF(N6:N17,"SI")>0,COUNTIF(N6:N17,"NI")>0),"","!") | O18: =IF(AND(COUNTIF(O6:O17,"FI")>0,COUNTIF(O6:O17,"SI")>0,COUNTIF(O6:O17,"NI")>0),"","!") | P18: =IF(AND(COUNTIF(P6:P17,"FI")>0,COUNTIF(P6:P17,"SI")>0),"","!") | S18: =IF(AND(COUNTIF(S6:S17,"FI")>0,COUNTIF(S6:S17,"SI")>0,COUNTIF(S6:S17,"NI")>0),"","!") | T18: =IF(AND(COUNTIF(T6:T17,"FI")>0,COUNTIF(T6:T17,"SI")>0,COUNTIF(T6:T17,"NI")>0),"","!") | U18: =IF(AND(COUNTIF(U6:U17,"FI")>0,COUNTIF(U6:U17,"SI")>0,COUNTIF(U6:U17,"NI")>0),"","!") | V18: =IF(AND(COUNTIF(V6:V17,"FI")>0,COUNTIF(V6:V17,"SI")>0,COUNTIF(V6:V17,"NI")>0),"","!") | W18: =IF(AND(COUNTIF(W6:W17,"FI")>0,COUNTIF(W6:W17,"SI")>0),"","!") | Z18: =IF(AND(COUNTIF(Z6:Z17,"FI")>0,COUNTIF(Z6:Z17,"SI")>0,COUNTIF(Z6:Z17,"NI")>0),"","!") | AA18: =IF(AND(COUNTIF(AA6:AA17,"FI")>0,COUNTIF(AA6:AA17,"SI")>0,COUNTIF(AA6:AA17,"NI")>0),"","!") | AB18: =IF(AND(COUNTIF(AB6:AB17,"FI")>0,COUNTIF(AB6:AB17,"SI")>0,COUNTIF(AB6:AB17,"NI")>0),"","!") | AC18: =IF(AND(COUNTIF(AC6:AC17,"FI")>0,COUNTIF(AC6:AC17,"SI")>0,COUNTIF(AC6:AC17,"NI")>0),"","!") | AD18: =IF(AND(COUNTIF(AD6:AD17,"FI")>0,COUNTIF(AD6:AD17,"SI")>0),"","!")
A20: Legende | P20: Unterschriften
A21: U | D21: Urlaub | H21: FII 06:00-14:00 | K21: Frühschicht II | P21: Erstellt von:
A22: EH 08:00-17:00 | D22: Erste Hilfe | H22: SI 14:00-22:00 | K22: Spätschicht I
A23: KU 08:30-16:30 | D23: Kuppenheim | H23: SII 14:00-21:00 | K23: Spätschicht II | P23: Datum / Unterschrift
A24: A | D24: AU | H24: NI 22:00-06:00 | K24: Nachtschicht I
A25: GT | D25: Gleittag | H25: DI 08:00-15:30 | K25: Dienst I | P25: Genehmigt von:
A26: NST | D26: Ausgleichstag | H26: DII 08:30-16:00 | K26: Dienst II
A27: Fobi | D27: Fortbildung | H27: KT IRTAZ | K27: Koordination | P27: Datum / Unterschrift
A28: FI 06:00-14:00 | D28: Frühschicht I | H28: SD Individuell | K28: Sonderdienst
D29: Wochenende / Feiertag

Sheet November
A1: Dienstplan November 2027 | AB1: AT: 21 Sa: 4
A3: Tag | B3: 1 | C3: 2 | D3: 3 | E3: 4 | F3: 5 | G3: 6 | H3: 7 | I3: 8 | J3: 9 | K3: 10 | L3: 11 | M3: 12 | N3: 13 | O3: 14 | P3: 15 | Q3: 16 | R3: 17 | S3: 18 | T3: 19 | U3: 20 | V3: 21 | W3: 22 | X3: 23 | Y3: 24 | Z3: 25 | AA3: 26 | AB3: 27 | AC3: 28 | AD3: 29 | AE3: 30
A4: WT | B4: Mo | C4: Di | D4: Mi | E4: Do | F4: Fr | G4: Sa | H4: So | I4: Mo | J4: Di | K4: Mi | L4: Do | M4: Fr | N4: Sa | O4: So | P4: Mo | Q4: Di | R4: Mi | S4: Do | T4: Fr | U4: Sa | V4: So | W4: Mo | X4: Di | Y4: Mi | Z4: Do | AA4: Fr | AB4: Sa | AC4: So | AD4: Mo | AE4: Di
A5: KW | B5: 44 | I5: 45 | P5: 46 | W5: 47 | AD5: 48
A6: Breig | B6: =IF(Dienstplan!B195="","",Dienstplan!B195) | C6: =IF(Dienstplan!C195="","",Dienstplan!C195) | D6: =IF(Dienstplan!D195="","",Dienstplan!D195) | E6: =IF(Dienstplan!E195="","",Dienstplan!E195) | F6: =IF(Dienstplan!F195="","",Dienstplan!F195) | G6: =IF(Dienstplan!G195="","",Dienstplan!G195) | H6: =IF(Dienstplan!H195="","",Dienstplan!H195) | I6: =IF(Dienstplan!I195="","",Dienstplan!I195) | ... AE6: =IF(Dienstplan!AE195="","",Dienstplan!AE195)
A7: Siebert | B7: =IF(Dienstplan!B196="","",Dienstplan!B196) | C7: =IF(Dienstplan!C196="","",Dienstplan!C196) | D7: =IF(Dienstplan!D196="","",Dienstplan!D196) | E7: =IF(Dienstplan!E196="","",Dienstplan!E196) | F7: =IF(Dienstplan!F196="","",Dienstplan!F196) | G7: =IF(Dienstplan!G196="","",Dienstplan!G196) | H7: =IF(Dienstplan!H196="","",Dienstplan!H196) | I7: =IF(Dienstplan!I196="","",Dienstplan!I196) | ... AE7: =IF(Dienstplan!AE196="","",Dienstplan!AE196)
A8: Jochim | B8: =IF(Dienstplan!B197="","",Dienstplan!B197) | C8: =IF(Dienstplan!C197="","",Dienstplan!C197) | D8: =IF(Dienstplan!D197="","",Dienstplan!D197) | E8: =IF(Dienstplan!E197="","",Dienstplan!E197) | F8: =IF(Dienstplan!F197="","",Dienstplan!F197) | G8: =IF(Dienstplan!G197="","",Dienstplan!G197) | H8: =IF(Dienstplan!H197="","",Dienstplan!H197) | I8: =IF(Dienstplan!I197="","",Dienstplan!I197) | ... AE8: =IF(Dienstplan!AE197="","",Dienstplan!AE197)
A9: Wunsch | B9: =IF(Dienstplan!B198="","",Dienstplan!B198) | C9: =IF(Dienstplan!C198="","",Dienstplan!C198) | D9: =IF(Dienstplan!D198="","",Dienstplan!D198) | E9: =IF(Dienstplan!E198="","",Dienstplan!E198) | F9: =IF(Dienstplan!F198="","",Dienstplan!F198) | G9: =IF(Dienstplan!G198="","",Dienstplan!G198) | H9: =IF(Dienstplan!H198="","",Dienstplan!H198) | I9: =IF(Dienstplan!I198="","",Dienstplan!I198) | ... AE9: =IF(Dienstplan!AE198="","",Dienstplan!AE198)
A10: Göpfrich | B10: =IF(Dienstplan!B199="","",Dienstplan!B199) | C10: =IF(Dienstplan!C199="","",Dienstplan!C199) | D10: =IF(Dienstplan!D199="","",Dienstplan!D199) | E10: =IF(Dienstplan!E199="","",Dienstplan!E199) | F10: =IF(Dienstplan!F199="","",Dienstplan!F199) | G10: =IF(Dienstplan!G199="","",Dienstplan!G199) | H10: =IF(Dienstplan!H199="","",Dienstplan!H199) | I10: =IF(Dienstplan!I199="","",Dienstplan!I199) | ... AE10: =IF(Dienstplan!AE199="","",Dienstplan!AE199)
A11: Zeller | B11: =IF(Dienstplan!B200="","",Dienstplan!B200) | C11: =IF(Dienstplan!C200="","",Dienstplan!C200) | D11: =IF(Dienstplan!D200="","",Dienstplan!D200) | E11: =IF(Dienstplan!E200="","",Dienstplan!E200) | F11: =IF(Dienstplan!F200="","",Dienstplan!F200) | G11: =IF(Dienstplan!G200="","",Dienstplan!G200) | H11: =IF(Dienstplan!H200="","",Dienstplan!H200) | I11: =IF(Dienstplan!I200="","",Dienstplan!I200) | ... AE11: =IF(Dienstplan!AE200="","",Dienstplan!AE200)
A12: Behrendt | B12: =IF(Dienstplan!B201="","",Dienstplan!B201) | C12: =IF(Dienstplan!C201="","",Dienstplan!C201) | D12: =IF(Dienstplan!D201="","",Dienstplan!D201) | E12: =IF(Dienstplan!E201="","",Dienstplan!E201) | F12: =IF(Dienstplan!F201="","",Dienstplan!F201) | G12: =IF(Dienstplan!G201="","",Dienstplan!G201) | H12: =IF(Dienstplan!H201="","",Dienstplan!H201) | I12: =IF(Dienstplan!I201="","",Dienstplan!I201) | ... AE12: =IF(Dienstplan!AE201="","",Dienstplan!AE201)
A13: Krempl | B13: =IF(Dienstplan!B202="","",Dienstplan!B202) | C13: =IF(Dienstplan!C202="","",Dienstplan!C202) | D13: =IF(Dienstplan!D202="","",Dienstplan!D202) | E13: =IF(Dienstplan!E202="","",Dienstplan!E202) | F13: =IF(Dienstplan!F202="","",Dienstplan!F202) | G13: =IF(Dienstplan!G202="","",Dienstplan!G202) | H13: =IF(Dienstplan!H202="","",Dienstplan!H202) | I13: =IF(Dienstplan!I202="","",Dienstplan!I202) | ... AE13: =IF(Dienstplan!AE202="","",Dienstplan!AE202)
A14: Putschler | B14: =IF(Dienstplan!B203="","",Dienstplan!B203) | C14: =IF(Dienstplan!C203="","",Dienstplan!C203) | D14: =IF(Dienstplan!D203="","",Dienstplan!D203) | E14: =IF(Dienstplan!E203="","",Dienstplan!E203) | F14: =IF(Dienstplan!F203="","",Dienstplan!F203) | G14: =IF(Dienstplan!G203="","",Dienstplan!G203) | H14: =IF(Dienstplan!H203="","",Dienstplan!H203) | I14: =IF(Dienstplan!I203="","",Dienstplan!I203) | ... AE14: =IF(Dienstplan!AE203="","",Dienstplan!AE203)
A15: Kunz | B15: =IF(Dienstplan!B204="","",Dienstplan!B204) | C15: =IF(Dienstplan!C204="","",Dienstplan!C204) | D15: =IF(Dienstplan!D204="","",Dienstplan!D204) | E15: =IF(Dienstplan!E204="","",Dienstplan!E204) | F15: =IF(Dienstplan!F204="","",Dienstplan!F204) | G15: =IF(Dienstplan!G204="","",Dienstplan!G204) | H15: =IF(Dienstplan!H204="","",Dienstplan!H204) | I15: =IF(Dienstplan!I204="","",Dienstplan!I204) | ... AE15: =IF(Dienstplan!AE204="","",Dienstplan!AE204)
A16: Schmidt | B16: =IF(Dienstplan!B205="","",Dienstplan!B205) | C16: =IF(Dienstplan!C205="","",Dienstplan!C205) | D16: =IF(Dienstplan!D205="","",Dienstplan!D205) | E16: =IF(Dienstplan!E205="","",Dienstplan!E205) | F16: =IF(Dienstplan!F205="","",Dienstplan!F205) | G16: =IF(Dienstplan!G205="","",Dienstplan!G205) | H16: =IF(Dienstplan!H205="","",Dienstplan!H205) | I16: =IF(Dienstplan!I205="","",Dienstplan!I205) | ... AE16: =IF(Dienstplan!AE205="","",Dienstplan!AE205)
A17: Radimersky | B17: =IF(Dienstplan!B206="","",Dienstplan!B206) | C17: =IF(Dienstplan!C206="","",Dienstplan!C206) | D17: =IF(Dienstplan!D206="","",Dienstplan!D206) | E17: =IF(Dienstplan!E206="","",Dienstplan!E206) | F17: =IF(Dienstplan!F206="","",Dienstplan!F206) | G17: =IF(Dienstplan!G206="","",Dienstplan!G206) | H17: =IF(Dienstplan!H206="","",Dienstplan!H206) | I17: =IF(Dienstplan!I206="","",Dienstplan!I206) | ... AE17: =IF(Dienstplan!AE206="","",Dienstplan!AE206)
A18: Besetzung | C18: =IF(AND(COUNTIF(C6:C17,"FI")>0,COUNTIF(C6:C17,"SI")>0,COUNTIF(C6:C17,"NI")>0),"","!") | D18: =IF(AND(COUNTIF(D6:D17,"FI")>0,COUNTIF(D6:D17,"SI")>0,COUNTIF(D6:D17,"NI")>0),"","!") | E18: =IF(AND(COUNTIF(E6:E17,"FI")>0,COUNTIF(E6:E17,"SI")>0,COUNTIF(E6:E17,"NI")>0),"","!") | F18: =IF(AND(COUNTIF(F6:F17,"FI")>0,COUNTIF(F6:F17,"SI")>0),"","!") | I18: =IF(AND(COUNTIF(I6:I17,"FI")>0,COUNTIF(I6:I17,"SI")>0,COUNTIF(I6:I17,"NI")>0),"","!") | J18: =IF(AND(COUNTIF(J6:J17,"FI")>0,COUNTIF(J6:J17,"SI")>0,COUNTIF(J6:J17,"NI")>0),"","!") | K18: =IF(AND(COUNTIF(K6:K17,"FI")>0,COUNTIF(K6:K17,"SI")>0,COUNTIF(K6:K17,"NI")>0),"","!") | L18: =IF(AND(COUNTIF(L6:L17,"FI")>0,COUNTIF(L6:L17,"SI")>0,COUNTIF(L6:L17,"NI")>0),"","!") | M18: =IF(AND(COUNTIF(M6:M17,"FI")>0,COUNTIF(M6:M17,"SI")>0),"","!") | P18: =IF(AND(COUNTIF(P6:P17,"FI")>0,COUNTIF(P6:P17,"SI")>0,COUNTIF(P6:P17,"NI")>0),"","!") | Q18: =IF(AND(COUNTIF(Q6:Q17,"FI")>0,COUNTIF(Q6:Q17,"SI")>0,COUNTIF(Q6:Q17,"NI")>0),"","!") | R18: =IF(AND(COUNTIF(R6:R17,"FI")>0,COUNTIF(R6:R17,"SI")>0,COUNTIF(R6:R17,"NI")>0),"","!") | S18: =IF(AND(COUNTIF(S6:S17,"FI")>0,COUNTIF(S6:S17,"SI")>0,COUNTIF(S6:S17,"NI")>0),"","!") | T18: =IF(AND(COUNTIF(T6:T17,"FI")>0,COUNTIF(T6:T17,"SI")>0),"","!") | W18: =IF(AND(COUNTIF(W6:W17,"FI")>0,COUNTIF(W6:W17,"SI")>0,COUNTIF(W6:W17,"NI")>0),"","!") | X18: =IF(AND(COUNTIF(X6:X17,"FI")>0,COUNTIF(X6:X17,"SI")>0,COUNTIF(X6:X17,"NI")>0),"","!") | Y18: =IF(AND(COUNTIF(Y6:Y17,"FI")>0,COUNTIF(Y6:Y17,"SI")>0,COUNTIF(Y6:Y17,"NI")>0),"","!") | Z18: =IF(AND(COUNTIF(Z6:Z17,"FI")>0,COUNTIF(Z6:Z17,"SI")>0,COUNTIF(Z6:Z17,"NI")>0),"","!") | AA18: =IF(AND(COUNTIF(AA6:AA17,"FI")>0,COUNTIF(AA6:AA17,"SI")>0),"","!") | AD18: =IF(AND(COUNTIF(AD6:AD17,"FI")>0,COUNTIF(AD6:AD17,"SI")>0,COUNTIF(AD6:AD17,"NI")>0),"","!") | AE18: =IF(AND(COUNTIF(AE6:AE17,"FI")>0,COUNTIF(AE6:AE17,"SI")>0,COUNTIF(AE6:AE17,"NI")>0),"","!")
A20: Legende | P20: Unterschriften
A21: U | D21: Urlaub | H21: FII 06:00-14:00 | K21: Frühschicht II | P21: Erstellt von:
A22: EH 08:00-17:00 | D22: Erste Hilfe | H22: SI 14:00-22:00 | K22: Spätschicht I
A23: KU 08:30-16:30 | D23: Kuppenheim | H23: SII 14:00-21:00 | K23: Spätschicht II | P23: Datum / Unterschrift
A24: A | D24: AU | H24: NI 22:00-06:00 | K24: Nachtschicht I
A25: GT | D25: Gleittag | H25: DI 08:00-15:30 | K25: Dienst I | P25: Genehmigt von:
A26: NST | D26: Ausgleichstag | H26: DII 08:30-16:00 | K26: Dienst II
A27: Fobi | D27: Fortbildung | H27: KT IRTAZ | K27: Koordination | P27: Datum / Unterschrift
A28: FI 06:00-14:00 | D28: Frühschicht I | H28: SD Individuell | K28: Sonderdienst
D29: Wochenende / Feiertag

Sheet Dezember
A1: Dienstplan Dezember 2027 | AC1: AT: 23 Sa: 4
X2: Weihnachtsferien
A3: Tag | B3: 1 | C3: 2 | D3: 3 | E3: 4 | F3: 5 | G3: 6 | H3: 7 | I3: 8 | J3: 9 | K3: 10 | L3: 11 | M3: 12 | N3: 13 | O3: 14 | P3: 15 | Q3: 16 | R3: 17 | S3: 18 | T3: 19 | U3: 20 | V3: 21 | W3: 22 | X3: 23 | Y3: 24 | Z3: 25 | AA3: 26 | AB3: 27 | AC3: 28 | AD3: 29 | AE3: 30 | AF3: 31
A4: WT | B4: Mi | C4: Do | D4: Fr | E4: Sa | F4: So | G4: Mo | H4: Di | I4: Mi | J4: Do | K4: Fr | L4: Sa | M4: So | N4: Mo | O4: Di | P4: Mi | Q4: Do | R4: Fr | S4: Sa | T4: So | U4: Mo | V4: Di | W4: Mi | X4: Do | Y4: Fr | Z4: Sa | AA4: So | AB4: Mo | AC4: Di | AD4: Mi | AE4: Do | AF4: Fr
A5: KW | B5: 48 | G5: 49 | N5: 50 | U5: 51 | AB5: 52
A6: Breig | B6: =IF(Dienstplan!B214="","",Dienstplan!B214) | C6: =IF(Dienstplan!C214="","",Dienstplan!C214) | D6: =IF(Dienstplan!D214="","",Dienstplan!D214) | E6: =IF(Dienstplan!E214="","",Dienstplan!E214) | F6: =IF(Dienstplan!F214="","",Dienstplan!F214) | G6: =IF(Dienstplan!G214="","",Dienstplan!G214) | H6: =IF(Dienstplan!H214="","",Dienstplan!H214) | I6: =IF(Dienstplan!I214="","",Dienstplan!I214) | ... AF6: =IF(Dienstplan!AF214="","",Dienstplan!AF214)
A7: Siebert | B7: =IF(Dienstplan!B215="","",Dienstplan!B215) | C7: =IF(Dienstplan!C215="","",Dienstplan!C215) | D7: =IF(Dienstplan!D215="","",Dienstplan!D215) | E7: =IF(Dienstplan!E215="","",Dienstplan!E215) | F7: =IF(Dienstplan!F215="","",Dienstplan!F215) | G7: =IF(Dienstplan!G215="","",Dienstplan!G215) | H7: =IF(Dienstplan!H215="","",Dienstplan!H215) | I7: =IF(Dienstplan!I215="","",Dienstplan!I215) | ... AF7: =IF(Dienstplan!AF215="","",Dienstplan!AF215)
A8: Jochim | B8: =IF(Dienstplan!B216="","",Dienstplan!B216) | C8: =IF(Dienstplan!C216="","",Dienstplan!C216) | D8: =IF(Dienstplan!D216="","",Dienstplan!D216) | E8: =IF(Dienstplan!E216="","",Dienstplan!E216) | F8: =IF(Dienstplan!F216="","",Dienstplan!F216) | G8: =IF(Dienstplan!G216="","",Dienstplan!G216) | H8: =IF(Dienstplan!H216="","",Dienstplan!H216) | I8: =IF(Dienstplan!I216="","",Dienstplan!I216) | ... AF8: =IF(Dienstplan!AF216="","",Dienstplan!AF216)
A9: Wunsch | B9: =IF(Dienstplan!B217="","",Dienstplan!B217) | C9: =IF(Dienstplan!C217="","",Dienstplan!C217) | D9: =IF(Dienstplan!D217="","",Dienstplan!D217) | E9: =IF(Dienstplan!E217="","",Dienstplan!E217) | F9: =IF(Dienstplan!F217="","",Dienstplan!F217) | G9: =IF(Dienstplan!G217="","",Dienstplan!G217) | H9: =IF(Dienstplan!H217="","",Dienstplan!H217) | I9: =IF(Dienstplan!I217="","",Dienstplan!I217) | ... AF9: =IF(Dienstplan!AF217="","",Dienstplan!AF217)
A10: Göpfrich | B10: =IF(Dienstplan!B218="","",Dienstplan!B218) | C10: =IF(Dienstplan!C218="","",Dienstplan!C218) | D10: =IF(Dienstplan!D218="","",Dienstplan!D218) | E10: =IF(Dienstplan!E218="","",Dienstplan!E218) | F10: =IF(Dienstplan!F218="","",Dienstplan!F218) | G10: =IF(Dienstplan!G218="","",Dienstplan!G218) | H10: =IF(Dienstplan!H218="","",Dienstplan!H218) | I10: =IF(Dienstplan!I218="","",Dienstplan!I218) | ... AF10: =IF(Dienstplan!AF218="","",Dienstplan!AF218)
A11: Zeller | B11: =IF(Dienstplan!B219="","",Dienstplan!B219) | C11: =IF(Dienstplan!C219="","",Dienstplan!C219) | D11: =IF(Dienstplan!D219="","",Dienstplan!D219) | E11: =IF(Dienstplan!E219="","",Dienstplan!E219) | F11: =IF(Dienstplan!F219="","",Dienstplan!F219) | G11: =IF(Dienstplan!G219="","",Dienstplan!G219) | H11: =IF(Dienstplan!H219="","",Dienstplan!H219) | I11: =IF(Dienstplan!I219="","",Dienstplan!I219) | ... AF11: =IF(Dienstplan!AF219="","",Dienstplan!AF219)
A12: Behrendt | B12: =IF(Dienstplan!B220="","",Dienstplan!B220) | C12: =IF(Dienstplan!C220="","",Dienstplan!C220) | D12: =IF(Dienstplan!D220="","",Dienstplan!D220) | E12: =IF(Dienstplan!E220="","",Dienstplan!E220) | F12: =IF(Dienstplan!F220="","",Dienstplan!F220) | G12: =IF(Dienstplan!G220="","",Dienstplan!G220) | H12: =IF(Dienstplan!H220="","",Dienstplan!H220) | I12: =IF(Dienstplan!I220="","",Dienstplan!I220) | ... AF12: =IF(Dienstplan!AF220="","",Dienstplan!AF220)
A13: Krempl | B13: =IF(Dienstplan!B221="","",Dienstplan!B221) | C13: =IF(Dienstplan!C221="","",Dienstplan!C221) | D13: =IF(Dienstplan!D221="","",Dienstplan!D221) | E13: =IF(Dienstplan!E221="","",Dienstplan!E221) | F13: =IF(Dienstplan!F221="","",Dienstplan!F221) | G13: =IF(Dienstplan!G221="","",Dienstplan!G221) | H13: =IF(Dienstplan!H221="","",Dienstplan!H221) | I13: =IF(Dienstplan!I221="","",Dienstplan!I221) | ... AF13: =IF(Dienstplan!AF221="","",Dienstplan!AF221)
A14: Putschler | B14: =IF(Dienstplan!B222="","",Dienstplan!B222) | C14: =IF(Dienstplan!C222="","",Dienstplan!C222) | D14: =IF(Dienstplan!D222="","",Dienstplan!D222) | E14: =IF(Dienstplan!E222="","",Dienstplan!E222) | F14: =IF(Dienstplan!F222="","",Dienstplan!F222) | G14: =IF(Dienstplan!G222="","",Dienstplan!G222) | H14: =IF(Dienstplan!H222="","",Dienstplan!H222) | I14: =IF(Dienstplan!I222="","",Dienstplan!I222) | ... AF14: =IF(Dienstplan!AF222="","",Dienstplan!AF222)
A15: Kunz | B15: =IF(Dienstplan!B223="","",Dienstplan!B223) | C15: =IF(Dienstplan!C223="","",Dienstplan!C223) | D15: =IF(Dienstplan!D223="","",Dienstplan!D223) | E15: =IF(Dienstplan!E223="","",Dienstplan!E223) | F15: =IF(Dienstplan!F223="","",Dienstplan!F223) | G15: =IF(Dienstplan!G223="","",Dienstplan!G223) | H15: =IF(Dienstplan!H223="","",Dienstplan!H223) | I15: =IF(Dienstplan!I223="","",Dienstplan!I223) | ... AF15: =IF(Dienstplan!AF223="","",Dienstplan!AF223)
A16: Schmidt | B16: =IF(Dienstplan!B224="","",Dienstplan!B224) | C16: =IF(Dienstplan!C224="","",Dienstplan!C224) | D16: =IF(Dienstplan!D224="","",Dienstplan!D224) | E16: =IF(Dienstplan!E224="","",Dienstplan!E224) | F16: =IF(Dienstplan!F224="","",Dienstplan!F224) | G16: =IF(Dienstplan!G224="","",Dienstplan!G224) | H16: =IF(Dienstplan!H224="","",Dienstplan!H224) | I16: =IF(Dienstplan!I224="","",Dienstplan!I224) | ... AF16: =IF(Dienstplan!AF224="","",Dienstplan!AF224)
A17: Radimersky | B17: =IF(Dienstplan!B225="","",Dienstplan!B225) | C17: =IF(Dienstplan!C225="","",Dienstplan!C225) | D17: =IF(Dienstplan!D225="","",Dienstplan!D225) | E17: =IF(Dienstplan!E225="","",Dienstplan!E225) | F17: =IF(Dienstplan!F225="","",Dienstplan!F225) | G17: =IF(Dienstplan!G225="","",Dienstplan!G225) | H17: =IF(Dienstplan!H225="","",Dienstplan!H225) | I17: =IF(Dienstplan!I225="","",Dienstplan!I225) | ... AF17: =IF(Dienstplan!AF225="","",Dienstplan!AF225)
A18: Besetzung | B18: =IF(AND(COUNTIF(B6:B17,"FI")>0,COUNTIF(B6:B17,"SI")>0,COUNTIF(B6:B17,"NI")>0),"","!") | C18: =IF(AND(COUNTIF(C6:C17,"FI")>0,COUNTIF(C6:C17,"SI")>0,COUNTIF(C6:C17,"NI")>0),"","!") | D18: =IF(AND(COUNTIF(D6:D17,"FI")>0,COUNTIF(D6:D17,"SI")>0),"","!") | G18: =IF(AND(COUNTIF(G6:G17,"FI")>0,COUNTIF(G6:G17,"SI")>0,COUNTIF(G6:G17,"NI")>0),"","!") | H18: =IF(AND(COUNTIF(H6:H17,"FI")>0,COUNTIF(H6:H17,"SI")>0,COUNTIF(H6:H17,"NI")>0),"","!") | I18: =IF(AND(COUNTIF(I6:I17,"FI")>0,COUNTIF(I6:I17,"SI")>0,COUNTIF(I6:I17,"NI")>0),"","!") | J18: =IF(AND(COUNTIF(J6:J17,"FI")>0,COUNTIF(J6:J17,"SI")>0,COUNTIF(J6:J17,"NI")>0),"","!") | K18: =IF(AND(COUNTIF(K6:K17,"FI")>0,COUNTIF(K6:K17,"SI")>0),"","!") | N18: =IF(AND(COUNTIF(N6:N17,"FI")>0,COUNTIF(N6:N17,"SI")>0,COUNTIF(N6:N17,"NI")>0),"","!") | O18: =IF(AND(COUNTIF(O6:O17,"FI")>0,COUNTIF(O6:O17,"SI")>0,COUNTIF(O6:O17,"NI")>0),"","!") | P18: =IF(AND(COUNTIF(P6:P17,"FI")>0,COUNTIF(P6:P17,"SI")>0,COUNTIF(P6:P17,"NI")>0),"","!") | Q18: =IF(AND(COUNTIF(Q6:Q17,"FI")>0,COUNTIF(Q6:Q17,"SI")>0,COUNTIF(Q6:Q17,"NI")>0),"","!") | R18: =IF(AND(COUNTIF(R6:R17,"FI")>0,COUNTIF(R6:R17,"SI")>0),"","!") | U18: =IF(AND(COUNTIF(U6:U17,"FI")>0,COUNTIF(U6:U17,"SI")>0,COUNTIF(U6:U17,"NI")>0),"","!") | V18: =IF(AND(COUNTIF(V6:V17,"FI")>0,COUNTIF(V6:V17,"SI")>0,COUNTIF(V6:V17,"NI")>0),"","!") | W18: =IF(AND(COUNTIF(W6:W17,"FI")>0,COUNTIF(W6:W17,"SI")>0,COUNTIF(W6:W17,"NI")>0),"","!") | X18: =IF(AND(COUNTIF(X6:X17,"FI")>0,COUNTIF(X6:X17,"SI")>0,COUNTIF(X6:X17,"NI")>0),"","!") | Y18: =IF(AND(COUNTIF(Y6:Y17,"FI")>0,COUNTIF(Y6:Y17,"SI")>0),"","!") | AB18: =IF(AND(COUNTIF(AB6:AB17,"FI")>0,COUNTIF(AB6:AB17,"SI")>0,COUNTIF(AB6:AB17,"NI")>0),"","!") | AC18: =IF(AND(COUNTIF(AC6:AC17,"FI")>0,COUNTIF(AC6:AC17,"SI")>0,COUNTIF(AC6:AC17,"NI")>0),"","!") | AD18: =IF(AND(COUNTIF(AD6:AD17,"FI")>0,COUNTIF(AD6:AD17,"SI")>0,COUNTIF(AD6:AD17,"NI")>0),"","!") | AE18: =IF(AND(COUNTIF(AE6:AE17,"FI")>0,COUNTIF(AE6:AE17,"SI")>0,COUNTIF(AE6:AE17,"NI")>0),"","!") | AF18: =IF(AND(COUNTIF(AF6:AF17,"FI")>0,COUNTIF(AF6:AF17,"SI")>0),"","!")
A20: Legende | P20: Unterschriften
A21: U | D21: Urlaub | H21: FII 06:00-14:00 | K21: Frühschicht II | P21: Erstellt von:
A22: EH 08:00-17:00 | D22: Erste Hilfe | H22: SI 14:00-22:00 | K22: Spätschicht I
A23: KU 08:30-16:30 | D23: Kuppenheim | H23: SII 14:00-21:00 | K23: Spätschicht II | P23: Datum / Unterschrift
A24: A | D24: AU | H24: NI 22:00-06:00 | K24: Nachtschicht I
A25: GT | D25: Gleittag | H25: DI 08:00-15:30 | K25: Dienst I | P25: Genehmigt von:
A26: NST | D26: Ausgleichstag | H26: DII 08:30-16:00 | K26: Dienst II
A27: Fobi | D27: Fortbildung | H27: KT IRTAZ | K27: Koordination | P27: Datum / Unterschrift
A28: FI 06:00-14:00 | D28: Frühschicht I | H28: SD Individuell | K28: Sonderdienst
D29: Wochenende / Feiertag

Sheet Jahresübersicht
A1: Jahresübersicht 2027
A3: Mitarbeiter | B3: FI | C3: FII | D3: SI | E3: SII | F3: NI | G3: DI | H3: DII | I3: KU | J3: EH | K3: SD | L3: GT | M3: NST | N3: KT | O3: Fobi | P3: U | Q3: A | R3: T-ZUG | S3: Gesamt
A4: Breig | S4: 0
A5: Siebert | S5: 0
A6: Jochim | S6: 0
A7: Wunsch | S7: 0
A8: Göpfrich | S8: 0
A9: Zeller | S9: 0
A10: Behrendt | S10: 0
A11: Krempl | S11: 0
A12: Putschler | S12: 0
A13: Kunz | S13: 0
A14: Schmidt | S14: 0
A15: Radimersky | S15: 0
A16: Summe | B16: 0 | C16: 0 | D16: 0 | E16: 0 | F16: 0 | G16: 0 | H16: 0 | I16: 0 | J16: 0 | K16: 0 | L16: 0 | M16: 0 | N16: 0 | O16: 0 | P16: 0 | Q16: 0 | R16: 0 | S16: 0

Sheet Monatsdetails
A1: Monatsdetails 2027 | X1: Konfiguration
X2: Mitarbeiter | Y2: IRTAZ | AA2: Schicht | AB2: Stunden
A3: Januar | C3: AT: | D3: 19 | F3: Sa: | G3: 5 | X3: Breig | Y3: 8 | AA3: FI | AB3: 7.25
A4: MA | B4: FI | C4: FII | D4: SI | E4: SII | F4: NI | G4: DI | H4: DII | I4: KU | J4: EH | K4: SD | L4: GT | M4: NST | N4: KT | O4: Fobi | P4: U | Q4: A | R4: T-ZUG | S4: Soll | T4: Ist | U4: Diff | X4: Siebert | Y4: 7 | AA4: FII | AB4: 7.5
A5: Breig | B5: =COUNTIF(Dienstplan!B7:AF7,"FI") | C5: =COUNTIF(Dienstplan!B7:AF7,"FII") | D5: =COUNTIF(Dienstplan!B7:AF7,"SI") | E5: =COUNTIF(Dienstplan!B7:AF7,"SII") | F5: =COUNTIF(Dienstplan!B7:AF7,"NI") | G5: =COUNTIF(Dienstplan!B7:AF7,"DI") | H5: =COUNTIF(Dienstplan!B7:AF7,"DII") | I5: =COUNTIF(Dienstplan!B7:AF7,"KU") | J5: =COUNTIF(Dienstplan!B7:AF7,"EH") | K5: =COUNTIF(Dienstplan!B7:AF7,"SD") | L5: =COUNTIF(Dienstplan!B7:AF7,"GT") | M5: =COUNTIF(Dienstplan!B7:AF7,"NST") | N5: =COUNTIF(Dienstplan!B7:AF7,"KT") | O5: =COUNTIF(Dienstplan!B7:AF7,"Fobi") | P5: =COUNTIF(Dienstplan!B7:AF7,"U") | Q5: =COUNTIF(Dienstplan!B7:AF7,"A") | R5: =COUNTIF(Dienstplan!B7:AF7,"T-ZUG") | S5: =19*$Y$3 | T5: =IF(ISNUMBER($AB$3),B5*$AB$3,B5*$Y$3)+IF(ISNUMBER($AB$4),C5*$AB$4,C5*$Y$3)+IF(ISNUMBER($AB$5),D5*$AB$5,D5*$Y$3)+IF(ISNUMBER($AB$6),E5*$AB$6,E5*$Y$3)+IF(ISNUMBER($AB$7),F5*$AB$7,F5*$Y$3)+IF(ISNUMBER($AB$8),G5*$AB$8,G5*$Y$3)+IF(ISNUMBER($AB$9),H5*$AB$9,H5*$Y$3)+IF(ISNUMBER($AB$10),I5*$AB$10,I5*$Y$3)+IF(ISNUMBER($AB$11),J5*$AB$11,J5*$Y$3)+IF(ISNUMBER($AB$12),K5*$AB$12,K5*$Y$3)+IF(ISNUMBER($AB$13),L5*$AB$13,L5*$Y$3)+IF(ISNUMBER($AB$14),M5*$AB$14,M5*$Y$3)+IF(ISNUMBER($AB$15),N5*$AB$15,N5*$Y$3)+IF(ISNUMBER($AB$16),O5*$AB$16,O5*$Y$3)+IF(ISNUMBER($AB$17),P5*$AB$17,P5*$Y$3)+IF(ISNUMBER($AB$18),Q5*$AB$18,Q5*$Y$3)+IF(ISNUMBER($AB$19),R5*$AB$19,R5*$Y$3) | U5: =T5-S5 | X5: Jochim | Y5: 7 | AA5: SI | AB5: 7.5
A6: Siebert | B6: =COUNTIF(Dienstplan!B8:AF8,"FI") | C6: =COUNTIF(Dienstplan!B8:AF8,"FII") | D6: =COUNTIF(Dienstplan!B8:AF8,"SI") | E6: =COUNTIF(Dienstplan!B8:AF8,"SII") | F6: =COUNTIF(Dienstplan!B8:AF8,"NI") | G6: =COUNTIF(Dienstplan!B8:AF8,"DI") | H6: =COUNTIF(Dienstplan!B8:AF8,"DII") | I6: =COUNTIF(Dienstplan!B8:AF8,"KU") | J6: =COUNTIF(Dienstplan!B8:AF8,"EH") | K6: =COUNTIF(Dienstplan!B8:AF8,"SD") | L6: =COUNTIF(Dienstplan!B8:AF8,"GT") | M6: =COUNTIF(Dienstplan!B8:AF8,"NST") | N6: =COUNTIF(Dienstplan!B8:AF8,"KT") | O6: =COUNTIF(Dienstplan!B8:AF8,"Fobi") | P6: =COUNTIF(Dienstplan!B8:AF8,"U") | Q6: =COUNTIF(Dienstplan!B8:AF8,"A") | R6: =COUNTIF(Dienstplan!B8:AF8,"T-ZUG") | S6: =19*$Y$4 | T6: =IF(ISNUMBER($AB$3),B6*$AB$3,B6*$Y$4)+IF(ISNUMBER($AB$4),C6*$AB$4,C6*$Y$4)+IF(ISNUMBER($AB$5),D6*$AB$5,D6*$Y$4)+IF(ISNUMBER($AB$6),E6*$AB$6,E6*$Y$4)+IF(ISNUMBER($AB$7),F6*$AB$7,F6*$Y$4)+IF(ISNUMBER($AB$8),G6*$AB$8,G6*$Y$4)+IF(ISNUMBER($AB$9),H6*$AB$9,H6*$Y$4)+IF(ISNUMBER($AB$10),I6*$AB$10,I6*$Y$4)+IF(ISNUMBER($AB$11),J6*$AB$11,J6*$Y$4)+IF(ISNUMBER($AB$12),K6*$AB$12,K6*$Y$4)+IF(ISNUMBER($AB$13),L6*$AB$13,L6*$Y$4)+IF(ISNUMBER($AB$14),M6*$AB$14,M6*$Y$4)+IF(ISNUMBER($AB$15),N6*$AB$15,N6*$Y$4)+IF(ISNUMBER($AB$16),O6*$AB$16,O6*$Y$4)+IF(ISNUMBER($AB$17),P6*$AB$17,P6*$Y$4)+IF(ISNUMBER($AB$18),Q6*$AB$18,Q6*$Y$4)+IF(ISNUMBER($AB$19),R6*$AB$19,R6*$Y$4) | U6: =T6-S6 | X6: Wunsch | Y6: 8 | AA6: SII | AB6: 7
A7: Jochim | B7: =COUNTIF(Dienstplan!B9:AF9,"FI") | C7: =COUNTIF(Dienstplan!B9:AF9,"FII") | D7: =COUNTIF(Dienstplan!B9:AF9,"SI") | E7: =COUNTIF(Dienstplan!B9:AF9,"SII") | F7: =COUNTIF(Dienstplan!B9:AF9,"NI") | G7: =COUNTIF(Dienstplan!B9:AF9,"DI") | H7: =COUNTIF(Dienstplan!B9:AF9,"DII") | I7: =COUNTIF(Dienstplan!B9:AF9,"KU") | J7: =COUNTIF(Dienstplan!B9:AF9,"EH") | K7: =COUNTIF(Dienstplan!B9:AF9,"SD") | L7: =COUNTIF(Dienstplan!B9:AF9,"GT") | M7: =COUNTIF(Dienstplan!B9:AF9,"NST") | N7: =COUNTIF(Dienstplan!B9:AF9,"KT") | O7: =COUNTIF(Dienstplan!B9:AF9,"Fobi") | P7: =COUNTIF(Dienstplan!B9:AF9,"U") | Q7: =COUNTIF(Dienstplan!B9:AF9,"A") | R7: =COUNTIF(Dienstplan!B9:AF9,"T-ZUG") | S7: =19*$Y$5 | T7: =IF(ISNUMBER($AB$3),B7*$AB$3,B7*$Y$5)+IF(ISNUMBER($AB$4),C7*$AB$4,C7*$Y$5)+IF(ISNUMBER($AB$5),D7*$AB$5,D7*$Y$5)+IF(ISNUMBER($AB$6),E7*$AB$6,E7*$Y$5)+IF(ISNUMBER($AB$7),F7*$AB$7,F7*$Y$5)+IF(ISNUMBER($AB$8),G7*$AB$8,G7*$Y$5)+IF(ISNUMBER($AB$9),H7*$AB$9,H7*$Y$5)+IF(ISNUMBER($AB$10),I7*$AB$10,I7*$Y$5)+IF(ISNUMBER($AB$11),J7*$AB$11,J7*$Y$5)+IF(ISNUMBER($AB$12),K7*$AB$12,K7*$Y$5)+IF(ISNUMBER($AB$13),L7*$AB$13,L7*$Y$5)+IF(ISNUMBER($AB$14),M7*$AB$14,M7*$Y$5)+IF(ISNUMBER($AB$15),N7*$AB$15,N7*$Y$5)+IF(ISNUMBER($AB$16),O7*$AB$16,O7*$Y$5)+IF(ISNUMBER($AB$17),P7*$AB$17,P7*$Y$5)+IF(ISNUMBER($AB$18),Q7*$AB$18,Q7*$Y$5)+IF(ISNUMBER($AB$19),R7*$AB$19,R7*$Y$5) | U7: =T7-S7 | X7: Göpfrich | Y7: 7 | AA7: NI | AB7: 7.5
A8: Wunsch | B8: =COUNTIF(Dienstplan!B10:AF10,"FI") | C8: =COUNTIF(Dienstplan!B10:AF10,"FII") | D8: =COUNTIF(Dienstplan!B10:AF10,"SI") | E8: =COUNTIF(Dienstplan!B10:AF10,"SII") | F8: =COUNTIF(Dienstplan!B10:AF10,"NI") | G8: =COUNTIF(Dienstplan!B10:AF10,"DI") | H8: =COUNTIF(Dienstplan!B10:AF10,"DII") | I8: =COUNTIF(Dienstplan!B10:AF10,"KU") | J8: =COUNTIF(Dienstplan!B10:AF10,"EH") | K8: =COUNTIF(Dienstplan!B10:AF10,"SD") | L8: =COUNTIF(Dienstplan!B10:AF10,"GT") | M8: =COUNTIF(Dienstplan!B10:AF10,"NST") | N8: =COUNTIF(Dienstplan!B10:AF10,"KT") | O8: =COUNTIF(Dienstplan!B10:AF10,"Fobi") | P8: =COUNTIF(Dienstplan!B10:AF10,"U") | Q8: =COUNTIF(Dienstplan!B10:AF10,"A") | R8: =COUNTIF(Dienstplan!B10:AF10,"T-ZUG") | S8: =19*$Y$6 | T8: =IF(ISNUMBER($AB$3),B8*$AB$3,B8*$Y$6)+IF(ISNUMBER($AB$4),C8*$AB$4,C8*$Y$6)+IF(ISNUMBER($AB$5),D8*$AB$5,D8*$Y$6)+IF(ISNUMBER($AB$6),E8*$AB$6,E8*$Y$6)+IF(ISNUMBER($AB$7),F8*$AB$7,F8*$Y$6)+IF(ISNUMBER($AB$8),G8*$AB$8,G8*$Y$6)+IF(ISNUMBER($AB$9),H8*$AB$9,H8*$Y$6)+IF(ISNUMBER($AB$10),I8*$AB$10,I8*$Y$6)+IF(ISNUMBER($AB$11),J8*$AB$11,J8*$Y$6)+IF(ISNUMBER($AB$12),K8*$AB$12,K8*$Y$6)+IF(ISNUMBER($AB$13),L8*$AB$13,L8*$Y$6)+IF(ISNUMBER($AB$14),M8*$AB$14,M8*$Y$6)+IF(ISNUMBER($AB$15),N8*$AB$15,N8*$Y$6)+IF(ISNUMBER($AB$16),O8*$AB$16,O8*$Y$6)+IF(ISNUMBER($AB$17),P8*$AB$17,P8*$Y$6)+IF(ISNUMBER($AB$18),Q8*$AB$18,Q8*$Y$6)+IF(ISNUMBER($AB$19),R8*$AB$19,R8*$Y$6) | U8: =T8-S8 | X8: Zeller | Y8: 8 | AA8: DI | AB8: 8
A9: Göpfrich | B9: =COUNTIF(Dienstplan!B11:AF11,"FI") | C9: =COUNTIF(Dienstplan!B11:AF11,"FII") | D9: =COUNTIF(Dienstplan!B11:AF11,"SI") | E9: =COUNTIF(Dienstplan!B11:AF11,"SII") | F9: =COUNTIF(Dienstplan!B11:AF11,"NI") | G9: =COUNTIF(Dienstplan!B11:AF11,"DI") | H9: =COUNTIF(Dienstplan!B11:AF11,"DII") | I9: =COUNTIF(Dienstplan!B11:AF11,"KU") | J9: =COUNTIF(Dienstplan!B11:AF11,"EH") | K9: =COUNTIF(Dienstplan!B11:AF11,"SD") | L9: =COUNTIF(Dienstplan!B11:AF11,"GT") | M9: =COUNTIF(Dienstplan!B11:AF11,"NST") | N9: =COUNTIF(Dienstplan!B11:AF11,"KT") | O9: =COUNTIF(Dienstplan!B11:AF11,"Fobi") | P9: =COUNTIF(Dienstplan!B11:AF11,"U") | Q9: =COUNTIF(Dienstplan!B11:AF11,"A") | R9: =COUNTIF(Dienstplan!B11:AF11,"T-ZUG") | S9: =19*$Y$7 | T9: =IF(ISNUMBER($AB$3),B9*$AB$3,B9*$Y$7)+IF(ISNUMBER($AB$4),C9*$AB$4,C9*$Y$7)+IF(ISNUMBER($AB$5),D9*$AB$5,D9*$Y$7)+IF(ISNUMBER($AB$6),E9*$AB$6,E9*$Y$7)+IF(ISNUMBER($AB$7),F9*$AB$7,F9*$Y$7)+IF(ISNUMBER($AB$8),G9*$AB$8,G9*$Y$7)+IF(ISNUMBER($AB$9),H9*$AB$9,H9*$Y$7)+IF(ISNUMBER($AB$10),I9*$AB$10,I9*$Y$7)+IF(ISNUMBER($AB$11),J9*$AB$11,J9*$Y$7)+IF(ISNUMBER($AB$12),K9*$AB$12,K9*$Y$7)+IF(ISNUMBER($AB$13),L9*$AB$13,L9*$Y$7)+IF(ISNUMBER($AB$14),M9*$AB$14,M9*$Y$7)+IF(ISNUMBER($AB$15),N9*$AB$15,N9*$Y$7)+IF(ISNUMBER($AB$16),O9*$AB$16,O9*$Y$7)+IF(ISNUMBER($AB$17),P9*$AB$17,P9*$Y$7)+IF(ISNUMBER($AB$18),Q9*$AB$18,Q9*$Y$7)+IF(ISNUMBER($AB$19),R9*$AB$19,R9*$Y$7) | U9: =T9-S9 | X9: Behrendt | Y9: 7 | AA9: DII | AB9: 8
A10: Zeller | B10: =COUNTIF(Dienstplan!B12:AF12,"FI") | C10: =COUNTIF(Dienstplan!B12:AF12,"FII") | D10: =COUNTIF(Dienstplan!B12:AF12,"SI") | E10: =COUNTIF(Dienstplan!B12:AF12,"SII") | F10: =COUNTIF(Dienstplan!B12:AF12,"NI") | G10: =COUNTIF(Dienstplan!B12:AF12,"DI") | H10: =COUNTIF(Dienstplan!B12:AF12,"DII") | I10: =COUNTIF(Dienstplan!B12:AF12,"KU") | J10: =COUNTIF(Dienstplan!B12:AF12,"EH") | K10: =COUNTIF(Dienstplan!B12:AF12,"SD") | L10: =COUNTIF(Dienstplan!B12:AF12,"GT") | M10: =COUNTIF(Dienstplan!B12:AF12,"NST") | N10: =COUNTIF(Dienstplan!B12:AF12,"KT") | O10: =COUNTIF(Dienstplan!B12:AF12,"Fobi") | P10: =COUNTIF(Dienstplan!B12:AF12,"U") | Q10: =COUNTIF(Dienstplan!B12:AF12,"A") | R10: =COUNTIF(Dienstplan!B12:AF12,"T-ZUG") | S10: =19*$Y$8 | T10: =IF(ISNUMBER($AB$3),B10*$AB$3,B10*$Y$8)+IF(ISNUMBER($AB$4),C10*$AB$4,C10*$Y$8)+IF(ISNUMBER($AB$5),D10*$AB$5,D10*$Y$8)+IF(ISNUMBER($AB$6),E10*$AB$6,E10*$Y$8)+IF(ISNUMBER($AB$7),F10*$AB$7,F10*$Y$8)+IF(ISNUMBER($AB$8),G10*$AB$8,G10*$Y$8)+IF(ISNUMBER($AB$9),H10*$AB$9,H10*$Y$8)+IF(ISNUMBER($AB$10),I10*$AB$10,I10*$Y$8)+IF(ISNUMBER($AB$11),J10*$AB$11,J10*$Y$8)+IF(ISNUMBER($AB$12),K10*$AB$12,K10*$Y$8)+IF(ISNUMBER($AB$13),L10*$AB$13,L10*$Y$8)+IF(ISNUMBER($AB$14),M10*$AB$14,M10*$Y$8)+IF(ISNUMBER($AB$15),N10*$AB$15,N10*$Y$8)+IF(ISNUMBER($AB$16),O10*$AB$16,O10*$Y$8)+IF(ISNUMBER($AB$17),P10*$AB$17,P10*$Y$8)+IF(ISNUMBER($AB$18),Q10*$AB$18,Q10*$Y$8)+IF(ISNUMBER($AB$19),R10*$AB$19,R10*$Y$8) | U10: =T10-S10 | X10: Krempl | Y10: 3.2 | AA10: KU | AB10: 8
A11: Behrendt | B11: =COUNTIF(Dienstplan!B13:AF13,"FI") | C11: =COUNTIF(Dienstplan!B13:AF13,"FII") | D11: =COUNTIF(Dienstplan!B13:AF13,"SI") | E11: =COUNTIF(Dienstplan!B13:AF13,"SII") | F11: =COUNTIF(Dienstplan!B13:AF13,"NI") | G11: =COUNTIF(Dienstplan!B13:AF13,"DI") | H11: =COUNTIF(Dienstplan!B13:AF13,"DII") | I11: =COUNTIF(Dienstplan!B13:AF13,"KU") | J11: =COUNTIF(Dienstplan!B13:AF13,"EH") | K11: =COUNTIF(Dienstplan!B13:AF13,"SD") | L11: =COUNTIF(Dienstplan!B13:AF13,"GT") | M11: =COUNTIF(Dienstplan!B13:AF13,"NST") | N11: =COUNTIF(Dienstplan!B13:AF13,"KT") | O11: =COUNTIF(Dienstplan!B13:AF13,"Fobi") | P11: =COUNTIF(Dienstplan!B13:AF13,"U") | Q11: =COUNTIF(Dienstplan!B13:AF13,"A") | R11: =COUNTIF(Dienstplan!B13:AF13,"T-ZUG") | S11: =19*$Y$9 | T11: =IF(ISNUMBER($AB$3),B11*$AB$3,B11*$Y$9)+IF(ISNUMBER($AB$4),C11*$AB$4,C11*$Y$9)+IF(ISNUMBER($AB$5),D11*$AB$5,D11*$Y$9)+IF(ISNUMBER($AB$6),E11*$AB$6,E11*$Y$9)+IF(ISNUMBER($AB$7),F11*$AB$7,F11*$Y$9)+IF(ISNUMBER($AB$8),G11*$AB$8,G11*$Y$9)+IF(ISNUMBER($AB$9),H11*$AB$9,H11*$Y$9)+IF(ISNUMBER($AB$10),I11*$AB$10,I11*$Y$9)+IF(ISNUMBER($AB$11),J11*$AB$11,J11*$Y$9)+IF(ISNUMBER($AB$12),K11*$AB$12,K11*$Y$9)+IF(ISNUMBER($AB$13),L11*$AB$13,L11*$Y$9)+IF(ISNUMBER($AB$14),M11*$AB$14,M11*$Y$9)+IF(ISNUMBER($AB$15),N11*$AB$15,N11*$Y$9)+IF(ISNUMBER($AB$16),O11*$AB$16,O11*$Y$9)+IF(ISNUMBER($AB$17),P11*$AB$17,P11*$Y$9)+IF(ISNUMBER($AB$18),Q11*$AB$18,Q11*$Y$9)+IF(ISNUMBER($AB$19),R11*$AB$19,R11*$Y$9) | U11: =T11-S11 | X11: Putschler | Y11: 8 | AA11: EH | AB11: 8
A12: Krempl | B12: =COUNTIF(Dienstplan!B14:AF14,"FI") | C12: =COUNTIF(Dienstplan!B14:AF14,"FII") | D12: =COUNTIF(Dienstplan!B14:AF14,"SI") | E12: =COUNTIF(Dienstplan!B14:AF14,"SII") | F12: =COUNTIF(Dienstplan!B14:AF14,"NI") | G12: =COUNTIF(Dienstplan!B14:AF14,"DI") | H12: =COUNTIF(Dienstplan!B14:AF14,"DII") | I12: =COUNTIF(Dienstplan!B14:AF14,"KU") | J12: =COUNTIF(Dienstplan!B14:AF14,"EH") | K12: =COUNTIF(Dienstplan!B14:AF14,"SD") | L12: =COUNTIF(Dienstplan!B14:AF14,"GT") | M12: =COUNTIF(Dienstplan!B14:AF14,"NST") | N12: =COUNTIF(Dienstplan!B14:AF14,"KT") | O12: =COUNTIF(Dienstplan!B14:AF14,"Fobi") | P12: =COUNTIF(Dienstplan!B14:AF14,"U") | Q12: =COUNTIF(Dienstplan!B14:AF14,"A") | R12: =COUNTIF(Dienstplan!B14:AF14,"T-ZUG") | S12: =19*$Y$10 | T12: =IF(ISNUMBER($AB$3),B12*$AB$3,B12*$Y$10)+IF(ISNUMBER($AB$4),C12*$AB$4,C12*$Y$10)+IF(ISNUMBER($AB$5),D12*$AB$5,D12*$Y$10)+IF(ISNUMBER($AB$6),E12*$AB$6,E12*$Y$10)+IF(ISNUMBER($AB$7),F12*$AB$7,F12*$Y$10)+IF(ISNUMBER($AB$8),G12*$AB$8,G12*$Y$10)+IF(ISNUMBER($AB$9),H12*$AB$9,H12*$Y$10)+IF(ISNUMBER($AB$10),I12*$AB$10,I12*$Y$10)+IF(ISNUMBER($AB$11),J12*$AB$11,J12*$Y$10)+IF(ISNUMBER($AB$12),K12*$AB$12,K12*$Y$10)+IF(ISNUMBER($AB$13),L12*$AB$13,L12*$Y$10)+IF(ISNUMBER($AB$14),M12*$AB$14,M12*$Y$10)+IF(ISNUMBER($AB$15),N12*$AB$15,N12*$Y$10)+IF(ISNUMBER($AB$16),O12*$AB$16,O12*$Y$10)+IF(ISNUMBER($AB$17),P12*$AB$17,P12*$Y$10)+IF(ISNUMBER($AB$18),Q12*$AB$18,Q12*$Y$10)+IF(ISNUMBER($AB$19),R12*$AB$19,R12*$Y$10) | U12: =T12-S12 | X12: Kunz | Y12: 7 | AA12: SD | AB12: 7
A13: Putschler | B13: =COUNTIF(Dienstplan!B15:AF15,"FI") | C13: =COUNTIF(Dienstplan!B15:AF15,"FII") | D13: =COUNTIF(Dienstplan!B15:AF15,"SI") | E13: =COUNTIF(Dienstplan!B15:AF15,"SII") | F13: =COUNTIF(Dienstplan!B15:AF15,"NI") | G13: =COUNTIF(Dienstplan!B15:AF15,"DI") | H13: =COUNTIF(Dienstplan!B15:AF15,"DII") | I13: =COUNTIF(Dienstplan!B15:AF15,"KU") | J13: =COUNTIF(Dienstplan!B15:AF15,"EH") | K13: =COUNTIF(Dienstplan!B15:AF15,"SD") | L13: =COUNTIF(Dienstplan!B15:AF15,"GT") | M13: =COUNTIF(Dienstplan!B15:AF15,"NST") | N13: =COUNTIF(Dienstplan!B15:AF15,"KT") | O13: =COUNTIF(Dienstplan!B15:AF15,"Fobi") | P13: =COUNTIF(Dienstplan!B15:AF15,"U") | Q13: =COUNTIF(Dienstplan!B15:AF15,"A") | R13: =COUNTIF(Dienstplan!B15:AF15,"T-ZUG") | S13: =19*$Y$11 | T13: =IF(ISNUMBER($AB$3),B13*$AB$3,B13*$Y$11)+IF(ISNUMBER($AB$4),C13*$AB$4,C13*$Y$11)+IF(ISNUMBER($AB$5),D13*$AB$5,D13*$Y$11)+IF(ISNUMBER($AB$6),E13*$AB$6,E13*$Y$11)+IF(ISNUMBER($AB$7),F13*$AB$7,F13*$Y$11)+IF(ISNUMBER($AB$8),G13*$AB$8,G13*$Y$11)+IF(ISNUMBER($AB$9),H13*$AB$9,H13*$Y$11)+IF(ISNUMBER($AB$10),I13*$AB$10,I13*$Y$11)+IF(ISNUMBER($AB$11),J13*$AB$11,J13*$Y$11)+IF(ISNUMBER($AB$12),K13*$AB$12,K13*$Y$11)+IF(ISNUMBER($AB$13),L13*$AB$13,L13*$Y$11)+IF(ISNUMBER($AB$14),M13*$AB$14,M13*$Y$11)+IF(ISNUMBER($AB$15),N13*$AB$15,N13*$Y$11)+IF(ISNUMBER($AB$16),O13*$AB$16,O13*$Y$11)+IF(ISNUMBER($AB$17),P13*$AB$17,P13*$Y$11)+IF(ISNUMBER($AB$18),Q13*$AB$18,Q13*$Y$11)+IF(ISNUMBER($AB$19),R13*$AB$19,R13*$Y$11) | U13: =T13-S13 | X13: Schmidt | Y13: 3 | AA13: GT | AB13: IRTAZ
A14: Kunz | B14: =COUNTIF(Dienstplan!B16:AF16,"FI") | C14: =COUNTIF(Dienstplan!B16:AF16,"FII") | D14: =COUNTIF(Dienstplan!B16:AF16,"SI") | E14: =COUNTIF(Dienstplan!B16:AF16,"SII") | F14: =COUNTIF(Dienstplan!B16:AF16,"NI") | G14: =COUNTIF(Dienstplan!B16:AF16,"DI") | H14: =COUNTIF(Dienstplan!B16:AF16,"DII") | I14: =COUNTIF(Dienstplan!B16:AF16,"KU") | J14: =COUNTIF(Dienstplan!B16:AF16,"EH") | K14: =COUNTIF(Dienstplan!B16:AF16,"SD") | L14: =COUNTIF(Dienstplan!B16:AF16,"GT") | M14: =COUNTIF(Dienstplan!B16:AF16,"NST") | N14: =COUNTIF(Dienstplan!B16:AF16,"KT") | O14: =COUNTIF(Dienstplan!B16:AF16,"Fobi") | P14: =COUNTIF(Dienstplan!B16:AF16,"U") | Q14: =COUNTIF(Dienstplan!B16:AF16,"A") | R14: =COUNTIF(Dienstplan!B16:AF16,"T-ZUG") | S14: =19*$Y$12 | T14: =IF(ISNUMBER($AB$3),B14*$AB$3,B14*$Y$12)+IF(ISNUMBER($AB$4),C14*$AB$4,C14*$Y$12)+IF(ISNUMBER($AB$5),D14*$AB$5,D14*$Y$12)+IF(ISNUMBER($AB$6),E14*$AB$6,E14*$Y$12)+IF(ISNUMBER($AB$7),F14*$AB$7,F14*$Y$12)+IF(ISNUMBER($AB$8),G14*$AB$8,G14*$Y$12)+IF(ISNUMBER($AB$9),H14*$AB$9,H14*$Y$12)+IF(ISNUMBER($AB$10),I14*$AB$10,I14*$Y$12)+IF(ISNUMBER($AB$11),J14*$AB$11,J14*$Y$12)+IF(ISNUMBER($AB$12),K14*$AB$12,K14*$Y$12)+IF(ISNUMBER($AB$13),L14*$AB$13,L14*$Y$12)+IF(ISNUMBER($AB$14),M14*$AB$14,M14*$Y$12)+IF(ISNUMBER($AB$15),N14*$AB$15,N14*$Y$12)+IF(ISNUMBER($AB$16),O14*$AB$16,O14*$Y$12)+IF(ISNUMBER($AB$17),P14*$AB$17,P14*$Y$12)+IF(ISNUMBER($AB$18),Q14*$AB$18,Q14*$Y$12)+IF(ISNUMBER($AB$19),R14*$AB$19,R14*$Y$12) | U14: =T14-S14 | X14: Radimersky | Y14: 8 | AA14: NST | AB14: IRTAZ
A15: Schmidt | B15: =COUNTIF(Dienstplan!B17:AF17,"FI") | C15: =COUNTIF(Dienstplan!B17:AF17,"FII") | D15: =COUNTIF(Dienstplan!B17:AF17,"SI") | E15: =COUNTIF(Dienstplan!B17:AF17,"SII") | F15: =COUNTIF(Dienstplan!B17:AF17,"NI") | G15: =COUNTIF(Dienstplan!B17:AF17,"DI") | H15: =COUNTIF(Dienstplan!B17:AF17,"DII") | I15: =COUNTIF(Dienstplan!B17:AF17,"KU") | J15: =COUNTIF(Dienstplan!B17:AF17,"EH") | K15: =COUNTIF(Dienstplan!B17:AF17,"SD") | L15: =COUNTIF(Dienstplan!B17:AF17,"GT") | M15: =COUNTIF(Dienstplan!B17:AF17,"NST") | N15: =COUNTIF(Dienstplan!B17:AF17,"KT") | O15: =COUNTIF(Dienstplan!B17:AF17,"Fobi") | P15: =COUNTIF(Dienstplan!B17:AF17,"U") | Q15: =COUNTIF(Dienstplan!B17:AF17,"A") | R15: =COUNTIF(Dienstplan!B17:AF17,"T-ZUG") | S15: =19*$Y$13 | T15: =IF(ISNUMBER($AB$3),B15*$AB$3,B15*$Y$13)+IF(ISNUMBER($AB$4),C15*$AB$4,C15*$Y$13)+IF(ISNUMBER($AB$5),D15*$AB$5,D15*$Y$13)+IF(ISNUMBER($AB$6),E15*$AB$6,E15*$Y$13)+IF(ISNUMBER($AB$7),F15*$AB$7,F15*$Y$13)+IF(ISNUMBER($AB$8),G15*$AB$8,G15*$Y$13)+IF(ISNUMBER($AB$9),H15*$AB$9,H15*$Y$13)+IF(ISNUMBER($AB$10),I15*$AB$10,I15*$Y$13)+IF(ISNUMBER($AB$11),J15*$AB$11,J15*$Y$13)+IF(ISNUMBER($AB$12),K15*$AB$12,K15*$Y$13)+IF(ISNUMBER($AB$13),L15*$AB$13,L15*$Y$13)+IF(ISNUMBER($AB$14),M15*$AB$14,M15*$Y$13)+IF(ISNUMBER($AB$15),N15*$AB$15,N15*$Y$13)+IF(ISNUMBER($AB$16),O15*$AB$16,O15*$Y$13)+IF(ISNUMBER($AB$17),P15*$AB$17,P15*$Y$13)+IF(ISNUMBER($AB$18),Q15*$AB$18,Q15*$Y$13)+IF(ISNUMBER($AB$19),R15*$AB$19,R15*$Y$13) | U15: =T15-S15 | AA15: KT | AB15: 8
A16: Radimersky | B16: =COUNTIF(Dienstplan!B18:AF18,"FI") | C16: =COUNTIF(Dienstplan!B18:AF18,"FII") | D16: =COUNTIF(Dienstplan!B18:AF18,"SI") | E16: =COUNTIF(Dienstplan!B18:AF18,"SII") | F16: =COUNTIF(Dienstplan!B18:AF18,"NI") | G16: =COUNTIF(Dienstplan!B18:AF18,"DI") | H16: =COUNTIF(Dienstplan!B18:AF18,"DII") | I16: =COUNTIF(Dienstplan!B18:AF18,"KU") | J16: =COUNTIF(Dienstplan!B18:AF18,"EH") | K16: =COUNTIF(Dienstplan!B18:AF18,"SD") | L16: =COUNTIF(Dienstplan!B18:AF18,"GT") | M16: =COUNTIF(Dienstplan!B18:AF18,"NST") | N16: =COUNTIF(Dienstplan!B18:AF18,"KT") | O16: =COUNTIF(Dienstplan!B18:AF18,"Fobi") | P16: =COUNTIF(Dienstplan!B18:AF18,"U") | Q16: =COUNTIF(Dienstplan!B18:AF18,"A") | R16: =COUNTIF(Dienstplan!B18:AF18,"T-ZUG") | S16: =19*$Y$14 | T16: =IF(ISNUMBER($AB$3),B16*$AB$3,B16*$Y$14)+IF(ISNUMBER($AB$4),C16*$AB$4,C16*$Y$14)+IF(ISNUMBER($AB$5),D16*$AB$5,D16*$Y$14)+IF(ISNUMBER($AB$6),E16*$AB$6,E16*$Y$14)+IF(ISNUMBER($AB$7),F16*$AB$7,F16*$Y$14)+IF(ISNUMBER($AB$8),G16*$AB$8,G16*$Y$14)+IF(ISNUMBER($AB$9),H16*$AB$9,H16*$Y$14)+IF(ISNUMBER($AB$10),I16*$AB$10,I16*$Y$14)+IF(ISNUMBER($AB$11),J16*$AB$11,J16*$Y$14)+IF(ISNUMBER($AB$12),K16*$AB$12,K16*$Y$14)+IF(ISNUMBER($AB$13),L16*$AB$13,L16*$Y$14)+IF(ISNUMBER($AB$14),M16*$AB$14,M16*$Y$14)+IF(ISNUMBER($AB$15),N16*$AB$15,N16*$Y$14)+IF(ISNUMBER($AB$16),O16*$AB$16,O16*$Y$14)+IF(ISNUMBER($AB$17),P16*$AB$17,P16*$Y$14)+IF(ISNUMBER($AB$18),Q16*$AB$18,Q16*$Y$14)+IF(ISNUMBER($AB$19),R16*$AB$19,R16*$Y$14) | U16: =T16-S16 | AA16: Fobi | AB16: IRTAZ
A17: Summe | B17: =SUM(B5:B16) | C17: =SUM(C5:C16) | D17: =SUM(D5:D16) | E17: =SUM(E5:E16) | F17: =SUM(F5:F16) | G17: =SUM(G5:G16) | H17: =SUM(H5:H16) | I17: =SUM(I5:I16) | ... U17: =SUM(U5:U16) | AA17: U | AB17: IRTAZ
AA18: A | AB18: IRTAZ
A19: Februar | C19: AT: | D19: 20 | F19: Sa: | G19: 4 | AA19: T-ZUG | AB19: IRTAZ
A20: MA | B20: FI | C20: FII | D20: SI | E20: SII | F20: NI | G20: DI | H20: DII | I20: KU | J20: EH | K20: SD | L20: GT | M20: NST | N20: KT | O20: Fobi | P20: U | Q20: A | R20: T-ZUG | S20: Soll | T20: Ist | U20: Diff
A21: Breig | B21: =COUNTIF(Dienstplan!B26:AC26,"FI") | C21: =COUNTIF(Dienstplan!B26:AC26,"FII") | D21: =COUNTIF(Dienstplan!B26:AC26,"SI") | E21: =COUNTIF(Dienstplan!B26:AC26,"SII") | F21: =COUNTIF(Dienstplan!B26:AC26,"NI") | G21: =COUNTIF(Dienstplan!B26:AC26,"DI") | H21: =COUNTIF(Dienstplan!B26:AC26,"DII") | I21: =COUNTIF(Dienstplan!B26:AC26,"KU") | J21: =COUNTIF(Dienstplan!B26:AC26,"EH") | K21: =COUNTIF(Dienstplan!B26:AC26,"SD") | L21: =COUNTIF(Dienstplan!B26:AC26,"GT") | M21: =COUNTIF(Dienstplan!B26:AC26,"NST") | N21: =COUNTIF(Dienstplan!B26:AC26,"KT") | O21: =COUNTIF(Dienstplan!B26:AC26,"Fobi") | P21: =COUNTIF(Dienstplan!B26:AC26,"U") | Q21: =COUNTIF(Dienstplan!B26:AC26,"A") | R21: =COUNTIF(Dienstplan!B26:AC26,"T-ZUG") | S21: =20*$Y$3 | T21: =IF(ISNUMBER($AB$3),B21*$AB$3,B21*$Y$3)+IF(ISNUMBER($AB$4),C21*$AB$4,C21*$Y$3)+IF(ISNUMBER($AB$5),D21*$AB$5,D21*$Y$3)+IF(ISNUMBER($AB$6),E21*$AB$6,E21*$Y$3)+IF(ISNUMBER($AB$7),F21*$AB$7,F21*$Y$3)+IF(ISNUMBER($AB$8),G21*$AB$8,G21*$Y$3)+IF(ISNUMBER($AB$9),H21*$AB$9,H21*$Y$3)+IF(ISNUMBER($AB$10),I21*$AB$10,I21*$Y$3)+IF(ISNUMBER($AB$11),J21*$AB$11,J21*$Y$3)+IF(ISNUMBER($AB$12),K21*$AB$12,K21*$Y$3)+IF(ISNUMBER($AB$13),L21*$AB$13,L21*$Y$3)+IF(ISNUMBER($AB$14),M21*$AB$14,M21*$Y$3)+IF(ISNUMBER($AB$15),N21*$AB$15,N21*$Y$3)+IF(ISNUMBER($AB$16),O21*$AB$16,O21*$Y$3)+IF(ISNUMBER($AB$17),P21*$AB$17,P21*$Y$3)+IF(ISNUMBER($AB$18),Q21*$AB$18,Q21*$Y$3)+IF(ISNUMBER($AB$19),R21*$AB$19,R21*$Y$3) | U21: =T21-S21 | X21: Soll AZ = IRTAZ × Arbeitstage
A22: Siebert | B22: =COUNTIF(Dienstplan!B27:AC27,"FI") | C22: =COUNTIF(Dienstplan!B27:AC27,"FII") | D22: =COUNTIF(Dienstplan!B27:AC27,"SI") | E22: =COUNTIF(Dienstplan!B27:AC27,"SII") | F22: =COUNTIF(Dienstplan!B27:AC27,"NI") | G22: =COUNTIF(Dienstplan!B27:AC27,"DI") | H22: =COUNTIF(Dienstplan!B27:AC27,"DII") | I22: =COUNTIF(Dienstplan!B27:AC27,"KU") | J22: =COUNTIF(Dienstplan!B27:AC27,"EH") | K22: =COUNTIF(Dienstplan!B27:AC27,"SD") | L22: =COUNTIF(Dienstplan!B27:AC27,"GT") | M22: =COUNTIF(Dienstplan!B27:AC27,"NST") | N22: =COUNTIF(Dienstplan!B27:AC27,"KT") | O22: =COUNTIF(Dienstplan!B27:AC27,"Fobi") | P22: =COUNTIF(Dienstplan!B27:AC27,"U") | Q22: =COUNTIF(Dienstplan!B27:AC27,"A") | R22: =COUNTIF(Dienstplan!B27:AC27,"T-ZUG") | S22: =20*$Y$4 | T22: =IF(ISNUMBER($AB$3),B22*$AB$3,B22*$Y$4)+IF(ISNUMBER($AB$4),C22*$AB$4,C22*$Y$4)+IF(ISNUMBER($AB$5),D22*$AB$5,D22*$Y$4)+IF(ISNUMBER($AB$6),E22*$AB$6,E22*$Y$4)+IF(ISNUMBER($AB$7),F22*$AB$7,F22*$Y$4)+IF(ISNUMBER($AB$8),G22*$AB$8,G22*$Y$4)+IF(ISNUMBER($AB$9),H22*$AB$9,H22*$Y$4)+IF(ISNUMBER($AB$10),I22*$AB$10,I22*$Y$4)+IF(ISNUMBER($AB$11),J22*$AB$11,J22*$Y$4)+IF(ISNUMBER($AB$12),K22*$AB$12,K22*$Y$4)+IF(ISNUMBER($AB$13),L22*$AB$13,L22*$Y$4)+IF(ISNUMBER($AB$14),M22*$AB$14,M22*$Y$4)+IF(ISNUMBER($AB$15),N22*$AB$15,N22*$Y$4)+IF(ISNUMBER($AB$16),O22*$AB$16,O22*$Y$4)+IF(ISNUMBER($AB$17),P22*$AB$17,P22*$Y$4)+IF(ISNUMBER($AB$18),Q22*$AB$18,Q22*$Y$4)+IF(ISNUMBER($AB$19),R22*$AB$19,R22*$Y$4) | U22: =T22-S22 | X22: "IRTAZ" = individuelle Tagesarbeitszeit
A23: Jochim | B23: =COUNTIF(Dienstplan!B28:AC28,"FI") | C23: =COUNTIF(Dienstplan!B28:AC28,"FII") | D23: =COUNTIF(Dienstplan!B28:AC28,"SI") | E23: =COUNTIF(Dienstplan!B28:AC28,"SII") | F23: =COUNTIF(Dienstplan!B28:AC28,"NI") | G23: =COUNTIF(Dienstplan!B28:AC28,"DI") | H23: =COUNTIF(Dienstplan!B28:AC28,"DII") | I23: =COUNTIF(Dienstplan!B28:AC28,"KU") | J23: =COUNTIF(Dienstplan!B28:AC28,"EH") | K23: =COUNTIF(Dienstplan!B28:AC28,"SD") | L23: =COUNTIF(Dienstplan!B28:AC28,"GT") | M23: =COUNTIF(Dienstplan!B28:AC28,"NST") | N23: =COUNTIF(Dienstplan!B28:AC28,"KT") | O23: =COUNTIF(Dienstplan!B28:AC28,"Fobi") | P23: =COUNTIF(Dienstplan!B28:AC28,"U") | Q23: =COUNTIF(Dienstplan!B28:AC28,"A") | R23: =COUNTIF(Dienstplan!B28:AC28,"T-ZUG") | S23: =20*$Y$5 | T23: =IF(ISNUMBER($AB$3),B23*$AB$3,B23*$Y$5)+IF(ISNUMBER($AB$4),C23*$AB$4,C23*$Y$5)+IF(ISNUMBER($AB$5),D23*$AB$5,D23*$Y$5)+IF(ISNUMBER($AB$6),E23*$AB$6,E23*$Y$5)+IF(ISNUMBER($AB$7),F23*$AB$7,F23*$Y$5)+IF(ISNUMBER($AB$8),G23*$AB$8,G23*$Y$5)+IF(ISNUMBER($AB$9),H23*$AB$9,H23*$Y$5)+IF(ISNUMBER($AB$10),I23*$AB$10,I23*$Y$5)+IF(ISNUMBER($AB$11),J23*$AB$11,J23*$Y$5)+IF(ISNUMBER($AB$12),K23*$AB$12,K23*$Y$5)+IF(ISNUMBER($AB$13),L23*$AB$13,L23*$Y$5)+IF(ISNUMBER($AB$14),M23*$AB$14,M23*$Y$5)+IF(ISNUMBER($AB$15),N23*$AB$15,N23*$Y$5)+IF(ISNUMBER($AB$16),O23*$AB$16,O23*$Y$5)+IF(ISNUMBER($AB$17),P23*$AB$17,P23*$Y$5)+IF(ISNUMBER($AB$18),Q23*$AB$18,Q23*$Y$5)+IF(ISNUMBER($AB$19),R23*$AB$19,R23*$Y$5) | U23: =T23-S23 | X23: Stunden/IRTAZ hier ändern → Formeln aktualisieren sich
A24: Wunsch | B24: =COUNTIF(Dienstplan!B29:AC29,"FI") | C24: =COUNTIF(Dienstplan!B29:AC29,"FII") | D24: =COUNTIF(Dienstplan!B29:AC29,"SI") | E24: =COUNTIF(Dienstplan!B29:AC29,"SII") | F24: =COUNTIF(Dienstplan!B29:AC29,"NI") | G24: =COUNTIF(Dienstplan!B29:AC29,"DI") | H24: =COUNTIF(Dienstplan!B29:AC29,"DII") | I24: =COUNTIF(Dienstplan!B29:AC29,"KU") | J24: =COUNTIF(Dienstplan!B29:AC29,"EH") | K24: =COUNTIF(Dienstplan!B29:AC29,"SD") | L24: =COUNTIF(Dienstplan!B29:AC29,"GT") | M24: =COUNTIF(Dienstplan!B29:AC29,"NST") | N24: =COUNTIF(Dienstplan!B29:AC29,"KT") | O24: =COUNTIF(Dienstplan!B29:AC29,"Fobi") | P24: =COUNTIF(Dienstplan!B29:AC29,"U") | Q24: =COUNTIF(Dienstplan!B29:AC29,"A") | R24: =COUNTIF(Dienstplan!B29:AC29,"T-ZUG") | S24: =20*$Y$6 | T24: =IF(ISNUMBER($AB$3),B24*$AB$3,B24*$Y$6)+IF(ISNUMBER($AB$4),C24*$AB$4,C24*$Y$6)+IF(ISNUMBER($AB$5),D24*$AB$5,D24*$Y$6)+IF(ISNUMBER($AB$6),E24*$AB$6,E24*$Y$6)+IF(ISNUMBER($AB$7),F24*$AB$7,F24*$Y$6)+IF(ISNUMBER($AB$8),G24*$AB$8,G24*$Y$6)+IF(ISNUMBER($AB$9),H24*$AB$9,H24*$Y$6)+IF(ISNUMBER($AB$10),I24*$AB$10,I24*$Y$6)+IF(ISNUMBER($AB$11),J24*$AB$11,J24*$Y$6)+IF(ISNUMBER($AB$12),K24*$AB$12,K24*$Y$6)+IF(ISNUMBER($AB$13),L24*$AB$13,L24*$Y$6)+IF(ISNUMBER($AB$14),M24*$AB$14,M24*$Y$6)+IF(ISNUMBER($AB$15),N24*$AB$15,N24*$Y$6)+IF(ISNUMBER($AB$16),O24*$AB$16,O24*$Y$6)+IF(ISNUMBER($AB$17),P24*$AB$17,P24*$Y$6)+IF(ISNUMBER($AB$18),Q24*$AB$18,Q24*$Y$6)+IF(ISNUMBER($AB$19),R24*$AB$19,R24*$Y$6) | U24: =T24-S24
A25: Göpfrich | B25: =COUNTIF(Dienstplan!B30:AC30,"FI") | C25: =COUNTIF(Dienstplan!B30:AC30,"FII") | D25: =COUNTIF(Dienstplan!B30:AC30,"SI") | E25: =COUNTIF(Dienstplan!B30:AC30,"SII") | F25: =COUNTIF(Dienstplan!B30:AC30,"NI") | G25: =COUNTIF(Dienstplan!B30:AC30,"DI") | H25: =COUNTIF(Dienstplan!B30:AC30,"DII") | I25: =COUNTIF(Dienstplan!B30:AC30,"KU") | J25: =COUNTIF(Dienstplan!B30:AC30,"EH") | K25: =COUNTIF(Dienstplan!B30:AC30,"SD") | L25: =COUNTIF(Dienstplan!B30:AC30,"GT") | M25: =COUNTIF(Dienstplan!B30:AC30,"NST") | N25: =COUNTIF(Dienstplan!B30:AC30,"KT") | O25: =COUNTIF(Dienstplan!B30:AC30,"Fobi") | P25: =COUNTIF(Dienstplan!B30:AC30,"U") | Q25: =COUNTIF(Dienstplan!B30:AC30,"A") | R25: =COUNTIF(Dienstplan!B30:AC30,"T-ZUG") | S25: =20*$Y$7 | T25: =IF(ISNUMBER($AB$3),B25*$AB$3,B25*$Y$7)+IF(ISNUMBER($AB$4),C25*$AB$4,C25*$Y$7)+IF(ISNUMBER($AB$5),D25*$AB$5,D25*$Y$7)+IF(ISNUMBER($AB$6),E25*$AB$6,E25*$Y$7)+IF(ISNUMBER($AB$7),F25*$AB$7,F25*$Y$7)+IF(ISNUMBER($AB$8),G25*$AB$8,G25*$Y$7)+IF(ISNUMBER($AB$9),H25*$AB$9,H25*$Y$7)+IF(ISNUMBER($AB$10),I25*$AB$10,I25*$Y$7)+IF(ISNUMBER($AB$11),J25*$AB$11,J25*$Y$7)+IF(ISNUMBER($AB$12),K25*$AB$12,K25*$Y$7)+IF(ISNUMBER($AB$13),L25*$AB$13,L25*$Y$7)+IF(ISNUMBER($AB$14),M25*$AB$14,M25*$Y$7)+IF(ISNUMBER($AB$15),N25*$AB$15,N25*$Y$7)+IF(ISNUMBER($AB$16),O25*$AB$16,O25*$Y$7)+IF(ISNUMBER($AB$17),P25*$AB$17,P25*$Y$7)+IF(ISNUMBER($AB$18),Q25*$AB$18,Q25*$Y$7)+IF(ISNUMBER($AB$19),R25*$AB$19,R25*$Y$7) | U25: =T25-S25
A26: Zeller | B26: =COUNTIF(Dienstplan!B31:AC31,"FI") | C26: =COUNTIF(Dienstplan!B31:AC31,"FII") | D26: =COUNTIF(Dienstplan!B31:AC31,"SI") | E26: =COUNTIF(Dienstplan!B31:AC31,"SII") | F26: =COUNTIF(Dienstplan!B31:AC31,"NI") | G26: =COUNTIF(Dienstplan!B31:AC31,"DI") | H26: =COUNTIF(Dienstplan!B31:AC31,"DII") | I26: =COUNTIF(Dienstplan!B31:AC31,"KU") | J26: =COUNTIF(Dienstplan!B31:AC31,"EH") | K26: =COUNTIF(Dienstplan!B31:AC31,"SD") | L26: =COUNTIF(Dienstplan!B31:AC31,"GT") | M26: =COUNTIF(Dienstplan!B31:AC31,"NST") | N26: =COUNTIF(Dienstplan!B31:AC31,"KT") | O26: =COUNTIF(Dienstplan!B31:AC31,"Fobi") | P26: =COUNTIF(Dienstplan!B31:AC31,"U") | Q26: =COUNTIF(Dienstplan!B31:AC31,"A") | R26: =COUNTIF(Dienstplan!B31:AC31,"T-ZUG") | S26: =20*$Y$8 | T26: =IF(ISNUMBER($AB$3),B26*$AB$3,B26*$Y$8)+IF(ISNUMBER($AB$4),C26*$AB$4,C26*$Y$8)+IF(ISNUMBER($AB$5),D26*$AB$5,D26*$Y$8)+IF(ISNUMBER($AB$6),E26*$AB$6,E26*$Y$8)+IF(ISNUMBER($AB$7),F26*$AB$7,F26*$Y$8)+IF(ISNUMBER($AB$8),G26*$AB$8,G26*$Y$8)+IF(ISNUMBER($AB$9),H26*$AB$9,H26*$Y$8)+IF(ISNUMBER($AB$10),I26*$AB$10,I26*$Y$8)+IF(ISNUMBER($AB$11),J26*$AB$11,J26*$Y$8)+IF(ISNUMBER($AB$12),K26*$AB$12,K26*$Y$8)+IF(ISNUMBER($AB$13),L26*$AB$13,L26*$Y$8)+IF(ISNUMBER($AB$14),M26*$AB$14,M26*$Y$8)+IF(ISNUMBER($AB$15),N26*$AB$15,N26*$Y$8)+IF(ISNUMBER($AB$16),O26*$AB$16,O26*$Y$8)+IF(ISNUMBER($AB$17),P26*$AB$17,P26*$Y$8)+IF(ISNUMBER($AB$18),Q26*$AB$18,Q26*$Y$8)+IF(ISNUMBER($AB$19),R26*$AB$19,R26*$Y$8) | U26: =T26-S26
A27: Behrendt | B27: =COUNTIF(Dienstplan!B32:AC32,"FI") | C27: =COUNTIF(Dienstplan!B32:AC32,"FII") | D27: =COUNTIF(Dienstplan!B32:AC32,"SI") | E27: =COUNTIF(Dienstplan!B32:AC32,"SII") | F27: =COUNTIF(Dienstplan!B32:AC32,"NI") | G27: =COUNTIF(Dienstplan!B32:AC32,"DI") | H27: =COUNTIF(Dienstplan!B32:AC32,"DII") | I27: =COUNTIF(Dienstplan!B32:AC32,"KU") | J27: =COUNTIF(Dienstplan!B32:AC32,"EH") | K27: =COUNTIF(Dienstplan!B32:AC32,"SD") | L27: =COUNTIF(Dienstplan!B32:AC32,"GT") | M27: =COUNTIF(Dienstplan!B32:AC32,"NST") | N27: =COUNTIF(Dienstplan!B32:AC32,"KT") | O27: =COUNTIF(Dienstplan!B32:AC32,"Fobi") | P27: =COUNTIF(Dienstplan!B32:AC32,"U") | Q27: =COUNTIF(Dienstplan!B32:AC32,"A") | R27: =COUNTIF(Dienstplan!B32:AC32,"T-ZUG") | S27: =20*$Y$9 | T27: =IF(ISNUMBER($AB$3),B27*$AB$3,B27*$Y$9)+IF(ISNUMBER($AB$4),C27*$AB$4,C27*$Y$9)+IF(ISNUMBER($AB$5),D27*$AB$5,D27*$Y$9)+IF(ISNUMBER($AB$6),E27*$AB$6,E27*$Y$9)+IF(ISNUMBER($AB$7),F27*$AB$7,F27*$Y$9)+IF(ISNUMBER($AB$8),G27*$AB$8,G27*$Y$9)+IF(ISNUMBER($AB$9),H27*$AB$9,H27*$Y$9)+IF(ISNUMBER($AB$10),I27*$AB$10,I27*$Y$9)+IF(ISNUMBER($AB$11),J27*$AB$11,J27*$Y$9)+IF(ISNUMBER($AB$12),K27*$AB$12,K27*$Y$9)+IF(ISNUMBER($AB$13),L27*$AB$13,L27*$Y$9)+IF(ISNUMBER($AB$14),M27*$AB$14,M27*$Y$9)+IF(ISNUMBER($AB$15),N27*$AB$15,N27*$Y$9)+IF(ISNUMBER($AB$16),O27*$AB$16,O27*$Y$9)+IF(ISNUMBER($AB$17),P27*$AB$17,P27*$Y$9)+IF(ISNUMBER($AB$18),Q27*$AB$18,Q27*$Y$9)+IF(ISNUMBER($AB$19),R27*$AB$19,R27*$Y$9) | U27: =T27-S27
A28: Krempl | B28: =COUNTIF(Dienstplan!B33:AC33,"FI") | C28: =COUNTIF(Dienstplan!B33:AC33,"FII") | D28: =COUNTIF(Dienstplan!B33:AC33,"SI") | E28: =COUNTIF(Dienstplan!B33:AC33,"SII") | F28: =COUNTIF(Dienstplan!B33:AC33,"NI") | G28: =COUNTIF(Dienstplan!B33:AC33,"DI") | H28: =COUNTIF(Dienstplan!B33:AC33,"DII") | I28: =COUNTIF(Dienstplan!B33:AC33,"KU") | J28: =COUNTIF(Dienstplan!B33:AC33,"EH") | K28: =COUNTIF(Dienstplan!B33:AC33,"SD") | L28: =COUNTIF(Dienstplan!B33:AC33,"GT") | M28: =COUNTIF(Dienstplan!B33:AC33,"NST") | N28: =COUNTIF(Dienstplan!B33:AC33,"KT") | O28: =COUNTIF(Dienstplan!B33:AC33,"Fobi") | P28: =COUNTIF(Dienstplan!B33:AC33,"U") | Q28: =COUNTIF(Dienstplan!B33:AC33,"A") | R28: =COUNTIF(Dienstplan!B33:AC33,"T-ZUG") | S28: =20*$Y$10 | T28: =IF(ISNUMBER($AB$3),B28*$AB$3,B28*$Y$10)+IF(ISNUMBER($AB$4),C28*$AB$4,C28*$Y$10)+IF(ISNUMBER($AB$5),D28*$AB$5,D28*$Y$10)+IF(ISNUMBER($AB$6),E28*$AB$6,E28*$Y$10)+IF(ISNUMBER($AB$7),F28*$AB$7,F28*$Y$10)+IF(ISNUMBER($AB$8),G28*$AB$8,G28*$Y$10)+IF(ISNUMBER($AB$9),H28*$AB$9,H28*$Y$10)+IF(ISNUMBER($AB$10),I28*$AB$10,I28*$Y$10)+IF(ISNUMBER($AB$11),J28*$AB$11,J28*$Y$10)+IF(ISNUMBER($AB$12),K28*$AB$12,K28*$Y$10)+IF(ISNUMBER($AB$13),L28*$AB$13,L28*$Y$10)+IF(ISNUMBER($AB$14),M28*$AB$14,M28*$Y$10)+IF(ISNUMBER($AB$15),N28*$AB$15,N28*$Y$10)+IF(ISNUMBER($AB$16),O28*$AB$16,O28*$Y$10)+IF(ISNUMBER($AB$17),P28*$AB$17,P28*$Y$10)+IF(ISNUMBER($AB$18),Q28*$AB$18,Q28*$Y$10)+IF(ISNUMBER($AB$19),R28*$AB$19,R28*$Y$10) | U28: =T28-S28
A29: Putschler | B29: =COUNTIF(Dienstplan!B34:AC34,"FI") | C29: =COUNTIF(Dienstplan!B34:AC34,"FII") | D29: =COUNTIF(Dienstplan!B34:AC34,"SI") | E29: =COUNTIF(Dienstplan!B34:AC34,"SII") | F29: =COUNTIF(Dienstplan!B34:AC34,"NI") | G29: =COUNTIF(Dienstplan!B34:AC34,"DI") | H29: =COUNTIF(Dienstplan!B34:AC34,"DII") | I29: =COUNTIF(Dienstplan!B34:AC34,"KU") | J29: =COUNTIF(Dienstplan!B34:AC34,"EH") | K29: =COUNTIF(Dienstplan!B34:AC34,"SD") | L29: =COUNTIF(Dienstplan!B34:AC34,"GT") | M29: =COUNTIF(Dienstplan!B34:AC34,"NST") | N29: =COUNTIF(Dienstplan!B34:AC34,"KT") | O29: =COUNTIF(Dienstplan!B34:AC34,"Fobi") | P29: =COUNTIF(Dienstplan!B34:AC34,"U") | Q29: =COUNTIF(Dienstplan!B34:AC34,"A") | R29: =COUNTIF(Dienstplan!B34:AC34,"T-ZUG") | S29: =20*$Y$11 | T29: =IF(ISNUMBER($AB$3),B29*$AB$3,B29*$Y$11)+IF(ISNUMBER($AB$4),C29*$AB$4,C29*$Y$11)+IF(ISNUMBER($AB$5),D29*$AB$5,D29*$Y$11)+IF(ISNUMBER($AB$6),E29*$AB$6,E29*$Y$11)+IF(ISNUMBER($AB$7),F29*$AB$7,F29*$Y$11)+IF(ISNUMBER($AB$8),G29*$AB$8,G29*$Y$11)+IF(ISNUMBER($AB$9),H29*$AB$9,H29*$Y$11)+IF(ISNUMBER($AB$10),I29*$AB$10,I29*$Y$11)+IF(ISNUMBER($AB$11),J29*$AB$11,J29*$Y$11)+IF(ISNUMBER($AB$12),K29*$AB$12,K29*$Y$11)+IF(ISNUMBER($AB$13),L29*$AB$13,L29*$Y$11)+IF(ISNUMBER($AB$14),M29*$AB$14,M29*$Y$11)+IF(ISNUMBER($AB$15),N29*$AB$15,N29*$Y$11)+IF(ISNUMBER($AB$16),O29*$AB$16,O29*$Y$11)+IF(ISNUMBER($AB$17),P29*$AB$17,P29*$Y$11)+IF(ISNUMBER($AB$18),Q29*$AB$18,Q29*$Y$11)+IF(ISNUMBER($AB$19),R29*$AB$19,R29*$Y$11) | U29: =T29-S29
A30: Kunz | B30: =COUNTIF(Dienstplan!B35:AC35,"FI") | C30: =COUNTIF(Dienstplan!B35:AC35,"FII") | D30: =COUNTIF(Dienstplan!B35:AC35,"SI") | E30: =COUNTIF(Dienstplan!B35:AC35,"SII") | F30: =COUNTIF(Dienstplan!B35:AC35,"NI") | G30: =COUNTIF(Dienstplan!B35:AC35,"DI") | H30: =COUNTIF(Dienstplan!B35:AC35,"DII") | I30: =COUNTIF(Dienstplan!B35:AC35,"KU") | J30: =COUNTIF(Dienstplan!B35:AC35,"EH") | K30: =COUNTIF(Dienstplan!B35:AC35,"SD") | L30: =COUNTIF(Dienstplan!B35:AC35,"GT") | M30: =COUNTIF(Dienstplan!B35:AC35,"NST") | N30: =COUNTIF(Dienstplan!B35:AC35,"KT") | O30: =COUNTIF(Dienstplan!B35:AC35,"Fobi") | P30: =COUNTIF(Dienstplan!B35:AC35,"U") | Q30: =COUNTIF(Dienstplan!B35:AC35,"A") | R30: =COUNTIF(Dienstplan!B35:AC35,"T-ZUG") | S30: =20*$Y$12 | T30: =IF(ISNUMBER($AB$3),B30*$AB$3,B30*$Y$12)+IF(ISNUMBER($AB$4),C30*$AB$4,C30*$Y$12)+IF(ISNUMBER($AB$5),D30*$AB$5,D30*$Y$12)+IF(ISNUMBER($AB$6),E30*$AB$6,E30*$Y$12)+IF(ISNUMBER($AB$7),F30*$AB$7,F30*$Y$12)+IF(ISNUMBER($AB$8),G30*$AB$8,G30*$Y$12)+IF(ISNUMBER($AB$9),H30*$AB$9,H30*$Y$12)+IF(ISNUMBER($AB$10),I30*$AB$10,I30*$Y$12)+IF(ISNUMBER($AB$11),J30*$AB$11,J30*$Y$12)+IF(ISNUMBER($AB$12),K30*$AB$12,K30*$Y$12)+IF(ISNUMBER($AB$13),L30*$AB$13,L30*$Y$12)+IF(ISNUMBER($AB$14),M30*$AB$14,M30*$Y$12)+IF(ISNUMBER($AB$15),N30*$AB$15,N30*$Y$12)+IF(ISNUMBER($AB$16),O30*$AB$16,O30*$Y$12)+IF(ISNUMBER($AB$17),P30*$AB$17,P30*$Y$12)+IF(ISNUMBER($AB$18),Q30*$AB$18,Q30*$Y$12)+IF(ISNUMBER($AB$19),R30*$AB$19,R30*$Y$12) | U30: =T30-S30
A31: Schmidt | B31: =COUNTIF(Dienstplan!B36:AC36,"FI") | C31: =COUNTIF(Dienstplan!B36:AC36,"FII") | D31: =COUNTIF(Dienstplan!B36:AC36,"SI") | E31: =COUNTIF(Dienstplan!B36:AC36,"SII") | F31: =COUNTIF(Dienstplan!B36:AC36,"NI") | G31: =COUNTIF(Dienstplan!B36:AC36,"DI") | H31: =COUNTIF(Dienstplan!B36:AC36,"DII") | I31: =COUNTIF(Dienstplan!B36:AC36,"KU") | J31: =COUNTIF(Dienstplan!B36:AC36,"EH") | K31: =COUNTIF(Dienstplan!B36:AC36,"SD") | L31: =COUNTIF(Dienstplan!B36:AC36,"GT") | M31: =COUNTIF(Dienstplan!B36:AC36,"NST") | N31: =COUNTIF(Dienstplan!B36:AC36,"KT") | O31: =COUNTIF(Dienstplan!B36:AC36,"Fobi") | P31: =COUNTIF(Dienstplan!B36:AC36,"U") | Q31: =COUNTIF(Dienstplan!B36:AC36,"A") | R31: =COUNTIF(Dienstplan!B36:AC36,"T-ZUG") | S31: =20*$Y$13 | T31: =IF(ISNUMBER($AB$3),B31*$AB$3,B31*$Y$13)+IF(ISNUMBER($AB$4),C31*$AB$4,C31*$Y$13)+IF(ISNUMBER($AB$5),D31*$AB$5,D31*$Y$13)+IF(ISNUMBER($AB$6),E31*$AB$6,E31*$Y$13)+IF(ISNUMBER($AB$7),F31*$AB$7,F31*$Y$13)+IF(ISNUMBER($AB$8),G31*$AB$8,G31*$Y$13)+IF(ISNUMBER($AB$9),H31*$AB$9,H31*$Y$13)+IF(ISNUMBER($AB$10),I31*$AB$10,I31*$Y$13)+IF(ISNUMBER($AB$11),J31*$AB$11,J31*$Y$13)+IF(ISNUMBER($AB$12),K31*$AB$12,K31*$Y$13)+IF(ISNUMBER($AB$13),L31*$AB$13,L31*$Y$13)+IF(ISNUMBER($AB$14),M31*$AB$14,M31*$Y$13)+IF(ISNUMBER($AB$15),N31*$AB$15,N31*$Y$13)+IF(ISNUMBER($AB$16),O31*$AB$16,O31*$Y$13)+IF(ISNUMBER($AB$17),P31*$AB$17,P31*$Y$13)+IF(ISNUMBER($AB$18),Q31*$AB$18,Q31*$Y$13)+IF(ISNUMBER($AB$19),R31*$AB$19,R31*$Y$13) | U31: =T31-S31
A32: Radimersky | B32: =COUNTIF(Dienstplan!B37:AC37,"FI") | C32: =COUNTIF(Dienstplan!B37:AC37,"FII") | D32: =COUNTIF(Dienstplan!B37:AC37,"SI") | E32: =COUNTIF(Dienstplan!B37:AC37,"SII") | F32: =COUNTIF(Dienstplan!B37:AC37,"NI") | G32: =COUNTIF(Dienstplan!B37:AC37,"DI") | H32: =COUNTIF(Dienstplan!B37:AC37,"DII") | I32: =COUNTIF(Dienstplan!B37:AC37,"KU") | J32: =COUNTIF(Dienstplan!B37:AC37,"EH") | K32: =COUNTIF(Dienstplan!B37:AC37,"SD") | L32: =COUNTIF(Dienstplan!B37:AC37,"GT") | M32: =COUNTIF(Dienstplan!B37:AC37,"NST") | N32: =COUNTIF(Dienstplan!B37:AC37,"KT") | O32: =COUNTIF(Dienstplan!B37:AC37,"Fobi") | P32: =COUNTIF(Dienstplan!B37:AC37,"U") | Q32: =COUNTIF(Dienstplan!B37:AC37,"A") | R32: =COUNTIF(Dienstplan!B37:AC37,"T-ZUG") | S32: =20*$Y$14 | T32: =IF(ISNUMBER($AB$3),B32*$AB$3,B32*$Y$14)+IF(ISNUMBER($AB$4),C32*$AB$4,C32*$Y$14)+IF(ISNUMBER($AB$5),D32*$AB$5,D32*$Y$14)+IF(ISNUMBER($AB$6),E32*$AB$6,E32*$Y$14)+IF(ISNUMBER($AB$7),F32*$AB$7,F32*$Y$14)+IF(ISNUMBER($AB$8),G32*$AB$8,G32*$Y$14)+IF(ISNUMBER($AB$9),H32*$AB$9,H32*$Y$14)+IF(ISNUMBER($AB$10),I32*$AB$10,I32*$Y$14)+IF(ISNUMBER($AB$11),J32*$AB$11,J32*$Y$14)+IF(ISNUMBER($AB$12),K32*$AB$12,K32*$Y$14)+IF(ISNUMBER($AB$13),L32*$AB$13,L32*$Y$14)+IF(ISNUMBER($AB$14),M32*$AB$14,M32*$Y$14)+IF(ISNUMBER($AB$15),N32*$AB$15,N32*$Y$14)+IF(ISNUMBER($AB$16),O32*$AB$16,O32*$Y$14)+IF(ISNUMBER($AB$17),P32*$AB$17,P32*$Y$14)+IF(ISNUMBER($AB$18),Q32*$AB$18,Q32*$Y$14)+IF(ISNUMBER($AB$19),R32*$AB$19,R32*$Y$14) | U32: =T32-S32
A33: Summe | B33: =SUM(B21:B32) | C33: =SUM(C21:C32) | D33: =SUM(D21:D32) | E33: =SUM(E21:E32) | F33: =SUM(F21:F32) | G33: =SUM(G21:G32) | H33: =SUM(H21:H32) | I33: =SUM(I21:I32) | ... U33: =SUM(U21:U32)
A35: März | C35: AT: | D35: 21 | F35: Sa: | G35: 4
A36: MA | B36: FI | C36: FII | D36: SI | E36: SII | F36: NI | G36: DI | H36: DII | I36: KU | J36: EH | K36: SD | L36: GT | M36: NST | N36: KT | O36: Fobi | P36: U | Q36: A | R36: T-ZUG | S36: Soll | T36: Ist | U36: Diff
A37: Breig | B37: =COUNTIF(Dienstplan!B45:AF45,"FI") | C37: =COUNTIF(Dienstplan!B45:AF45,"FII") | D37: =COUNTIF(Dienstplan!B45:AF45,"SI") | E37: =COUNTIF(Dienstplan!B45:AF45,"SII") | F37: =COUNTIF(Dienstplan!B45:AF45,"NI") | G37: =COUNTIF(Dienstplan!B45:AF45,"DI") | H37: =COUNTIF(Dienstplan!B45:AF45,"DII") | I37: =COUNTIF(Dienstplan!B45:AF45,"KU") | J37: =COUNTIF(Dienstplan!B45:AF45,"EH") | K37: =COUNTIF(Dienstplan!B45:AF45,"SD") | L37: =COUNTIF(Dienstplan!B45:AF45,"GT") | M37: =COUNTIF(Dienstplan!B45:AF45,"NST") | N37: =COUNTIF(Dienstplan!B45:AF45,"KT") | O37: =COUNTIF(Dienstplan!B45:AF45,"Fobi") | P37: =COUNTIF(Dienstplan!B45:AF45,"U") | Q37: =COUNTIF(Dienstplan!B45:AF45,"A") | R37: =COUNTIF(Dienstplan!B45:AF45,"T-ZUG") | S37: =21*$Y$3 | T37: =IF(ISNUMBER($AB$3),B37*$AB$3,B37*$Y$3)+IF(ISNUMBER($AB$4),C37*$AB$4,C37*$Y$3)+IF(ISNUMBER($AB$5),D37*$AB$5,D37*$Y$3)+IF(ISNUMBER($AB$6),E37*$AB$6,E37*$Y$3)+IF(ISNUMBER($AB$7),F37*$AB$7,F37*$Y$3)+IF(ISNUMBER($AB$8),G37*$AB$8,G37*$Y$3)+IF(ISNUMBER($AB$9),H37*$AB$9,H37*$Y$3)+IF(ISNUMBER($AB$10),I37*$AB$10,I37*$Y$3)+IF(ISNUMBER($AB$11),J37*$AB$11,J37*$Y$3)+IF(ISNUMBER($AB$12),K37*$AB$12,K37*$Y$3)+IF(ISNUMBER($AB$13),L37*$AB$13,L37*$Y$3)+IF(ISNUMBER($AB$14),M37*$AB$14,M37*$Y$3)+IF(ISNUMBER($AB$15),N37*$AB$15,N37*$Y$3)+IF(ISNUMBER($AB$16),O37*$AB$16,O37*$Y$3)+IF(ISNUMBER($AB$17),P37*$AB$17,P37*$Y$3)+IF(ISNUMBER($AB$18),Q37*$AB$18,Q37*$Y$3)+IF(ISNUMBER($AB$19),R37*$AB$19,R37*$Y$3) | U37: =T37-S37
A38: Siebert | B38: =COUNTIF(Dienstplan!B46:AF46,"FI") | C38: =COUNTIF(Dienstplan!B46:AF46,"FII") | D38: =COUNTIF(Dienstplan!B46:AF46,"SI") | E38: =COUNTIF(Dienstplan!B46:AF46,"SII") | F38: =COUNTIF(Dienstplan!B46:AF46,"NI") | G38: =COUNTIF(Dienstplan!B46:AF46,"DI") | H38: =COUNTIF(Dienstplan!B46:AF46,"DII") | I38: =COUNTIF(Dienstplan!B46:AF46,"KU") | J38: =COUNTIF(Dienstplan!B46:AF46,"EH") | K38: =COUNTIF(Dienstplan!B46:AF46,"SD") | L38: =COUNTIF(Dienstplan!B46:AF46,"GT") | M38: =COUNTIF(Dienstplan!B46:AF46,"NST") | N38: =COUNTIF(Dienstplan!B46:AF46,"KT") | O38: =COUNTIF(Dienstplan!B46:AF46,"Fobi") | P38: =COUNTIF(Dienstplan!B46:AF46,"U") | Q38: =COUNTIF(Dienstplan!B46:AF46,"A") | R38: =COUNTIF(Dienstplan!B46:AF46,"T-ZUG") | S38: =21*$Y$4 | T38: =IF(ISNUMBER($AB$3),B38*$AB$3,B38*$Y$4)+IF(ISNUMBER($AB$4),C38*$AB$4,C38*$Y$4)+IF(ISNUMBER($AB$5),D38*$AB$5,D38*$Y$4)+IF(ISNUMBER($AB$6),E38*$AB$6,E38*$Y$4)+IF(ISNUMBER($AB$7),F38*$AB$7,F38*$Y$4)+IF(ISNUMBER($AB$8),G38*$AB$8,G38*$Y$4)+IF(ISNUMBER($AB$9),H38*$AB$9,H38*$Y$4)+IF(ISNUMBER($AB$10),I38*$AB$10,I38*$Y$4)+IF(ISNUMBER($AB$11),J38*$AB$11,J38*$Y$4)+IF(ISNUMBER($AB$12),K38*$AB$12,K38*$Y$4)+IF(ISNUMBER($AB$13),L38*$AB$13,L38*$Y$4)+IF(ISNUMBER($AB$14),M38*$AB$14,M38*$Y$4)+IF(ISNUMBER($AB$15),N38*$AB$15,N38*$Y$4)+IF(ISNUMBER($AB$16),O38*$AB$16,O38*$Y$4)+IF(ISNUMBER($AB$17),P38*$AB$17,P38*$Y$4)+IF(ISNUMBER($AB$18),Q38*$AB$18,Q38*$Y$4)+IF(ISNUMBER($AB$19),R38*$AB$19,R38*$Y$4) | U38: =T38-S38
A39: Jochim | B39: =COUNTIF(Dienstplan!B47:AF47,"FI") | C39: =COUNTIF(Dienstplan!B47:AF47,"FII") | D39: =COUNTIF(Dienstplan!B47:AF47,"SI") | E39: =COUNTIF(Dienstplan!B47:AF47,"SII") | F39: =COUNTIF(Dienstplan!B47:AF47,"NI") | G39: =COUNTIF(Dienstplan!B47:AF47,"DI") | H39: =COUNTIF(Dienstplan!B47:AF47,"DII") | I39: =COUNTIF(Dienstplan!B47:AF47,"KU") | J39: =COUNTIF(Dienstplan!B47:AF47,"EH") | K39: =COUNTIF(Dienstplan!B47:AF47,"SD") | L39: =COUNTIF(Dienstplan!B47:AF47,"GT") | M39: =COUNTIF(Dienstplan!B47:AF47,"NST") | N39: =COUNTIF(Dienstplan!B47:AF47,"KT") | O39: =COUNTIF(Dienstplan!B47:AF47,"Fobi") | P39: =COUNTIF(Dienstplan!B47:AF47,"U") | Q39: =COUNTIF(Dienstplan!B47:AF47,"A") | R39: =COUNTIF(Dienstplan!B47:AF47,"T-ZUG") | S39: =21*$Y$5 | T39: =IF(ISNUMBER($AB$3),B39*$AB$3,B39*$Y$5)+IF(ISNUMBER($AB$4),C39*$AB$4,C39*$Y$5)+IF(ISNUMBER($AB$5),D39*$AB$5,D39*$Y$5)+IF(ISNUMBER($AB$6),E39*$AB$6,E39*$Y$5)+IF(ISNUMBER($AB$7),F39*$AB$7,F39*$Y$5)+IF(ISNUMBER($AB$8),G39*$AB$8,G39*$Y$5)+IF(ISNUMBER($AB$9),H39*$AB$9,H39*$Y$5)+IF(ISNUMBER($AB$10),I39*$AB$10,I39*$Y$5)+IF(ISNUMBER($AB$11),J39*$AB$11,J39*$Y$5)+IF(ISNUMBER($AB$12),K39*$AB$12,K39*$Y$5)+IF(ISNUMBER($AB$13),L39*$AB$13,L39*$Y$5)+IF(ISNUMBER($AB$14),M39*$AB$14,M39*$Y$5)+IF(ISNUMBER($AB$15),N39*$AB$15,N39*$Y$5)+IF(ISNUMBER($AB$16),O39*$AB$16,O39*$Y$5)+IF(ISNUMBER($AB$17),P39*$AB$17,P39*$Y$5)+IF(ISNUMBER($AB$18),Q39*$AB$18,Q39*$Y$5)+IF(ISNUMBER($AB$19),R39*$AB$19,R39*$Y$5) | U39: =T39-S39
A40: Wunsch | B40: =COUNTIF(Dienstplan!B48:AF48,"FI") | C40: =COUNTIF(Dienstplan!B48:AF48,"FII") | D40: =COUNTIF(Dienstplan!B48:AF48,"SI") | E40: =COUNTIF(Dienstplan!B48:AF48,"SII") | F40: =COUNTIF(Dienstplan!B48:AF48,"NI") | G40: =COUNTIF(Dienstplan!B48:AF48,"DI") | H40: =COUNTIF(Dienstplan!B48:AF48,"DII") | I40: =COUNTIF(Dienstplan!B48:AF48,"KU") | J40: =COUNTIF(Dienstplan!B48:AF48,"EH") | K40: =COUNTIF(Dienstplan!B48:AF48,"SD") | L40: =COUNTIF(Dienstplan!B48:AF48,"GT") | M40: =COUNTIF(Dienstplan!B48:AF48,"NST") | N40: =COUNTIF(Dienstplan!B48:AF48,"KT") | O40: =COUNTIF(Dienstplan!B48:AF48,"Fobi") | P40: =COUNTIF(Dienstplan!B48:AF48,"U") | Q40: =COUNTIF(Dienstplan!B48:AF48,"A") | R40: =COUNTIF(Dienstplan!B48:AF48,"T-ZUG") | S40: =21*$Y$6 | T40: =IF(ISNUMBER($AB$3),B40*$AB$3,B40*$Y$6)+IF(ISNUMBER($AB$4),C40*$AB$4,C40*$Y$6)+IF(ISNUMBER($AB$5),D40*$AB$5,D40*$Y$6)+IF(ISNUMBER($AB$6),E40*$AB$6,E40*$Y$6)+IF(ISNUMBER($AB$7),F40*$AB$7,F40*$Y$6)+IF(ISNUMBER($AB$8),G40*$AB$8,G40*$Y$6)+IF(ISNUMBER($AB$9),H40*$AB$9,H40*$Y$6)+IF(ISNUMBER($AB$10),I40*$AB$10,I40*$Y$6)+IF(ISNUMBER($AB$11),J40*$AB$11,J40*$Y$6)+IF(ISNUMBER($AB$12),K40*$AB$12,K40*$Y$6)+IF(ISNUMBER($AB$13),L40*$AB$13,L40*$Y$6)+IF(ISNUMBER($AB$14),M40*$AB$14,M40*$Y$6)+IF(ISNUMBER($AB$15),N40*$AB$15,N40*$Y$6)+IF(ISNUMBER($AB$16),O40*$AB$16,O40*$Y$6)+IF(ISNUMBER($AB$17),P40*$AB$17,P40*$Y$6)+IF(ISNUMBER($AB$18),Q40*$AB$18,Q40*$Y$6)+IF(ISNUMBER($AB$19),R40*$AB$19,R40*$Y$6) | U40: =T40-S40
A41: Göpfrich | B41: =COUNTIF(Dienstplan!B49:AF49,"FI") | C41: =COUNTIF(Dienstplan!B49:AF49,"FII") | D41: =COUNTIF(Dienstplan!B49:AF49,"SI") | E41: =COUNTIF(Dienstplan!B49:AF49,"SII") | F41: =COUNTIF(Dienstplan!B49:AF49,"NI") | G41: =COUNTIF(Dienstplan!B49:AF49,"DI") | H41: =COUNTIF(Dienstplan!B49:AF49,"DII") | I41: =COUNTIF(Dienstplan!B49:AF49,"KU") | J41: =COUNTIF(Dienstplan!B49:AF49,"EH") | K41: =COUNTIF(Dienstplan!B49:AF49,"SD") | L41: =COUNTIF(Dienstplan!B49:AF49,"GT") | M41: =COUNTIF(Dienstplan!B49:AF49,"NST") | N41: =COUNTIF(Dienstplan!B49:AF49,"KT") | O41: =COUNTIF(Dienstplan!B49:AF49,"Fobi") | P41: =COUNTIF(Dienstplan!B49:AF49,"U") | Q41: =COUNTIF(Dienstplan!B49:AF49,"A") | R41: =COUNTIF(Dienstplan!B49:AF49,"T-ZUG") | S41: =21*$Y$7 | T41: =IF(ISNUMBER($AB$3),B41*$AB$3,B41*$Y$7)+IF(ISNUMBER($AB$4),C41*$AB$4,C41*$Y$7)+IF(ISNUMBER($AB$5),D41*$AB$5,D41*$Y$7)+IF(ISNUMBER($AB$6),E41*$AB$6,E41*$Y$7)+IF(ISNUMBER($AB$7),F41*$AB$7,F41*$Y$7)+IF(ISNUMBER($AB$8),G41*$AB$8,G41*$Y$7)+IF(ISNUMBER($AB$9),H41*$AB$9,H41*$Y$7)+IF(ISNUMBER($AB$10),I41*$AB$10,I41*$Y$7)+IF(ISNUMBER($AB$11),J41*$AB$11,J41*$Y$7)+IF(ISNUMBER($AB$12),K41*$AB$12,K41*$Y$7)+IF(ISNUMBER($AB$13),L41*$AB$13,L41*$Y$7)+IF(ISNUMBER($AB$14),M41*$AB$14,M41*$Y$7)+IF(ISNUMBER($AB$15),N41*$AB$15,N41*$Y$7)+IF(ISNUMBER($AB$16),O41*$AB$16,O41*$Y$7)+IF(ISNUMBER($AB$17),P41*$AB$17,P41*$Y$7)+IF(ISNUMBER($AB$18),Q41*$AB$18,Q41*$Y$7)+IF(ISNUMBER($AB$19),R41*$AB$19,R41*$Y$7) | U41: =T41-S41
A42: Zeller | B42: =COUNTIF(Dienstplan!B50:AF50,"FI") | C42: =COUNTIF(Dienstplan!B50:AF50,"FII") | D42: =COUNTIF(Dienstplan!B50:AF50,"SI") | E42: =COUNTIF(Dienstplan!B50:AF50,"SII") | F42: =COUNTIF(Dienstplan!B50:AF50,"NI") | G42: =COUNTIF(Dienstplan!B50:AF50,"DI") | H42: =COUNTIF(Dienstplan!B50:AF50,"DII") | I42: =COUNTIF(Dienstplan!B50:AF50,"KU") | J42: =COUNTIF(Dienstplan!B50:AF50,"EH") | K42: =COUNTIF(Dienstplan!B50:AF50,"SD") | L42: =COUNTIF(Dienstplan!B50:AF50,"GT") | M42: =COUNTIF(Dienstplan!B50:AF50,"NST") | N42: =COUNTIF(Dienstplan!B50:AF50,"KT") | O42: =COUNTIF(Dienstplan!B50:AF50,"Fobi") | P42: =COUNTIF(Dienstplan!B50:AF50,"U") | Q42: =COUNTIF(Dienstplan!B50:AF50,"A") | R42: =COUNTIF(Dienstplan!B50:AF50,"T-ZUG") | S42: =21*$Y$8 | T42: =IF(ISNUMBER($AB$3),B42*$AB$3,B42*$Y$8)+IF(ISNUMBER($AB$4),C42*$AB$4,C42*$Y$8)+IF(ISNUMBER($AB$5),D42*$AB$5,D42*$Y$8)+IF(ISNUMBER($AB$6),E42*$AB$6,E42*$Y$8)+IF(ISNUMBER($AB$7),F42*$AB$7,F42*$Y$8)+IF(ISNUMBER($AB$8),G42*$AB$8,G42*$Y$8)+IF(ISNUMBER($AB$9),H42*$AB$9,H42*$Y$8)+IF(ISNUMBER($AB$10),I42*$AB$10,I42*$Y$8)+IF(ISNUMBER($AB$11),J42*$AB$11,J42*$Y$8)+IF(ISNUMBER($AB$12),K42*$AB$12,K42*$Y$8)+IF(ISNUMBER($AB$13),L42*$AB$13,L42*$Y$8)+IF(ISNUMBER($AB$14),M42*$AB$14,M42*$Y$8)+IF(ISNUMBER($AB$15),N42*$AB$15,N42*$Y$8)+IF(ISNUMBER($AB$16),O42*$AB$16,O42*$Y$8)+IF(ISNUMBER($AB$17),P42*$AB$17,P42*$Y$8)+IF(ISNUMBER($AB$18),Q42*$AB$18,Q42*$Y$8)+IF(ISNUMBER($AB$19),R42*$AB$19,R42*$Y$8) | U42: =T42-S42
A43: Behrendt | B43: =COUNTIF(Dienstplan!B51:AF51,"FI") | C43: =COUNTIF(Dienstplan!B51:AF51,"FII") | D43: =COUNTIF(Dienstplan!B51:AF51,"SI") | E43: =COUNTIF(Dienstplan!B51:AF51,"SII") | F43: =COUNTIF(Dienstplan!B51:AF51,"NI") | G43: =COUNTIF(Dienstplan!B51:AF51,"DI") | H43: =COUNTIF(Dienstplan!B51:AF51,"DII") | I43: =COUNTIF(Dienstplan!B51:AF51,"KU") | J43: =COUNTIF(Dienstplan!B51:AF51,"EH") | K43: =COUNTIF(Dienstplan!B51:AF51,"SD") | L43: =COUNTIF(Dienstplan!B51:AF51,"GT") | M43: =COUNTIF(Dienstplan!B51:AF51,"NST") | N43: =COUNTIF(Dienstplan!B51:AF51,"KT") | O43: =COUNTIF(Dienstplan!B51:AF51,"Fobi") | P43: =COUNTIF(Dienstplan!B51:AF51,"U") | Q43: =COUNTIF(Dienstplan!B51:AF51,"A") | R43: =COUNTIF(Dienstplan!B51:AF51,"T-ZUG") | S43: =21*$Y$9 | T43: =IF(ISNUMBER($AB$3),B43*$AB$3,B43*$Y$9)+IF(ISNUMBER($AB$4),C43*$AB$4,C43*$Y$9)+IF(ISNUMBER($AB$5),D43*$AB$5,D43*$Y$9)+IF(ISNUMBER($AB$6),E43*$AB$6,E43*$Y$9)+IF(ISNUMBER($AB$7),F43*$AB$7,F43*$Y$9)+IF(ISNUMBER($AB$8),G43*$AB$8,G43*$Y$9)+IF(ISNUMBER($AB$9),H43*$AB$9,H43*$Y$9)+IF(ISNUMBER($AB$10),I43*$AB$10,I43*$Y$9)+IF(ISNUMBER($AB$11),J43*$AB$11,J43*$Y$9)+IF(ISNUMBER($AB$12),K43*$AB$12,K43*$Y$9)+IF(ISNUMBER($AB$13),L43*$AB$13,L43*$Y$9)+IF(ISNUMBER($AB$14),M43*$AB$14,M43*$Y$9)+IF(ISNUMBER($AB$15),N43*$AB$15,N43*$Y$9)+IF(ISNUMBER($AB$16),O43*$AB$16,O43*$Y$9)+IF(ISNUMBER($AB$17),P43*$AB$17,P43*$Y$9)+IF(ISNUMBER($AB$18),Q43*$AB$18,Q43*$Y$9)+IF(ISNUMBER($AB$19),R43*$AB$19,R43*$Y$9) | U43: =T43-S43
A44: Krempl | B44: =COUNTIF(Dienstplan!B52:AF52,"FI") | C44: =COUNTIF(Dienstplan!B52:AF52,"FII") | D44: =COUNTIF(Dienstplan!B52:AF52,"SI") | E44: =COUNTIF(Dienstplan!B52:AF52,"SII") | F44: =COUNTIF(Dienstplan!B52:AF52,"NI") | G44: =COUNTIF(Dienstplan!B52:AF52,"DI") | H44: =COUNTIF(Dienstplan!B52:AF52,"DII") | I44: =COUNTIF(Dienstplan!B52:AF52,"KU") | J44: =COUNTIF(Dienstplan!B52:AF52,"EH") | K44: =COUNTIF(Dienstplan!B52:AF52,"SD") | L44: =COUNTIF(Dienstplan!B52:AF52,"GT") | M44: =COUNTIF(Dienstplan!B52:AF52,"NST") | N44: =COUNTIF(Dienstplan!B52:AF52,"KT") | O44: =COUNTIF(Dienstplan!B52:AF52,"Fobi") | P44: =COUNTIF(Dienstplan!B52:AF52,"U") | Q44: =COUNTIF(Dienstplan!B52:AF52,"A") | R44: =COUNTIF(Dienstplan!B52:AF52,"T-ZUG") | S44: =21*$Y$10 | T44: =IF(ISNUMBER($AB$3),B44*$AB$3,B44*$Y$10)+IF(ISNUMBER($AB$4),C44*$AB$4,C44*$Y$10)+IF(ISNUMBER($AB$5),D44*$AB$5,D44*$Y$10)+IF(ISNUMBER($AB$6),E44*$AB$6,E44*$Y$10)+IF(ISNUMBER($AB$7),F44*$AB$7,F44*$Y$10)+IF(ISNUMBER($AB$8),G44*$AB$8,G44*$Y$10)+IF(ISNUMBER($AB$9),H44*$AB$9,H44*$Y$10)+IF(ISNUMBER($AB$10),I44*$AB$10,I44*$Y$10)+IF(ISNUMBER($AB$11),J44*$AB$11,J44*$Y$10)+IF(ISNUMBER($AB$12),K44*$AB$12,K44*$Y$10)+IF(ISNUMBER($AB$13),L44*$AB$13,L44*$Y$10)+IF(ISNUMBER($AB$14),M44*$AB$14,M44*$Y$10)+IF(ISNUMBER($AB$15),N44*$AB$15,N44*$Y$10)+IF(ISNUMBER($AB$16),O44*$AB$16,O44*$Y$10)+IF(ISNUMBER($AB$17),P44*$AB$17,P44*$Y$10)+IF(ISNUMBER($AB$18),Q44*$AB$18,Q44*$Y$10)+IF(ISNUMBER($AB$19),R44*$AB$19,R44*$Y$10) | U44: =T44-S44
A45: Putschler | B45: =COUNTIF(Dienstplan!B53:AF53,"FI") | C45: =COUNTIF(Dienstplan!B53:AF53,"FII") | D45: =COUNTIF(Dienstplan!B53:AF53,"SI") | E45: =COUNTIF(Dienstplan!B53:AF53,"SII") | F45: =COUNTIF(Dienstplan!B53:AF53,"NI") | G45: =COUNTIF(Dienstplan!B53:AF53,"DI") | H45: =COUNTIF(Dienstplan!B53:AF53,"DII") | I45: =COUNTIF(Dienstplan!B53:AF53,"KU") | J45: =COUNTIF(Dienstplan!B53:AF53,"EH") | K45: =COUNTIF(Dienstplan!B53:AF53,"SD") | L45: =COUNTIF(Dienstplan!B53:AF53,"GT") | M45: =COUNTIF(Dienstplan!B53:AF53,"NST") | N45: =COUNTIF(Dienstplan!B53:AF53,"KT") | O45: =COUNTIF(Dienstplan!B53:AF53,"Fobi") | P45: =COUNTIF(Dienstplan!B53:AF53,"U") | Q45: =COUNTIF(Dienstplan!B53:AF53,"A") | R45: =COUNTIF(Dienstplan!B53:AF53,"T-ZUG") | S45: =21*$Y$11 | T45: =IF(ISNUMBER($AB$3),B45*$AB$3,B45*$Y$11)+IF(ISNUMBER($AB$4),C45*$AB$4,C45*$Y$11)+IF(ISNUMBER($AB$5),D45*$AB$5,D45*$Y$11)+IF(ISNUMBER($AB$6),E45*$AB$6,E45*$Y$11)+IF(ISNUMBER($AB$7),F45*$AB$7,F45*$Y$11)+IF(ISNUMBER($AB$8),G45*$AB$8,G45*$Y$11)+IF(ISNUMBER($AB$9),H45*$AB$9,H45*$Y$11)+IF(ISNUMBER($AB$10),I45*$AB$10,I45*$Y$11)+IF(ISNUMBER($AB$11),J45*$AB$11,J45*$Y$11)+IF(ISNUMBER($AB$12),K45*$AB$12,K45*$Y$11)+IF(ISNUMBER($AB$13),L45*$AB$13,L45*$Y$11)+IF(ISNUMBER($AB$14),M45*$AB$14,M45*$Y$11)+IF(ISNUMBER($AB$15),N45*$AB$15,N45*$Y$11)+IF(ISNUMBER($AB$16),O45*$AB$16,O45*$Y$11)+IF(ISNUMBER($AB$17),P45*$AB$17,P45*$Y$11)+IF(ISNUMBER($AB$18),Q45*$AB$18,Q45*$Y$11)+IF(ISNUMBER($AB$19),R45*$AB$19,R45*$Y$11) | U45: =T45-S45
A46: Kunz | B46: =COUNTIF(Dienstplan!B54:AF54,"FI") | C46: =COUNTIF(Dienstplan!B54:AF54,"FII") | D46: =COUNTIF(Dienstplan!B54:AF54,"SI") | E46: =COUNTIF(Dienstplan!B54:AF54,"SII") | F46: =COUNTIF(Dienstplan!B54:AF54,"NI") | G46: =COUNTIF(Dienstplan!B54:AF54,"DI") | H46: =COUNTIF(Dienstplan!B54:AF54,"DII") | I46: =COUNTIF(Dienstplan!B54:AF54,"KU") | J46: =COUNTIF(Dienstplan!B54:AF54,"EH") | K46: =COUNTIF(Dienstplan!B54:AF54,"SD") | L46: =COUNTIF(Dienstplan!B54:AF54,"GT") | M46: =COUNTIF(Dienstplan!B54:AF54,"NST") | N46: =COUNTIF(Dienstplan!B54:AF54,"KT") | O46: =COUNTIF(Dienstplan!B54:AF54,"Fobi") | P46: =COUNTIF(Dienstplan!B54:AF54,"U") | Q46: =COUNTIF(Dienstplan!B54:AF54,"A") | R46: =COUNTIF(Dienstplan!B54:AF54,"T-ZUG") | S46: =21*$Y$12 | T46: =IF(ISNUMBER($AB$3),B46*$AB$3,B46*$Y$12)+IF(ISNUMBER($AB$4),C46*$AB$4,C46*$Y$12)+IF(ISNUMBER($AB$5),D46*$AB$5,D46*$Y$12)+IF(ISNUMBER($AB$6),E46*$AB$6,E46*$Y$12)+IF(ISNUMBER($AB$7),F46*$AB$7,F46*$Y$12)+IF(ISNUMBER($AB$8),G46*$AB$8,G46*$Y$12)+IF(ISNUMBER($AB$9),H46*$AB$9,H46*$Y$12)+IF(ISNUMBER($AB$10),I46*$AB$10,I46*$Y$12)+IF(ISNUMBER($AB$11),J46*$AB$11,J46*$Y$12)+IF(ISNUMBER($AB$12),K46*$AB$12,K46*$Y$12)+IF(ISNUMBER($AB$13),L46*$AB$13,L46*$Y$12)+IF(ISNUMBER($AB$14),M46*$AB$14,M46*$Y$12)+IF(ISNUMBER($AB$15),N46*$AB$15,N46*$Y$12)+IF(ISNUMBER($AB$16),O46*$AB$16,O46*$Y$12)+IF(ISNUMBER($AB$17),P46*$AB$17,P46*$Y$12)+IF(ISNUMBER($AB$18),Q46*$AB$18,Q46*$Y$12)+IF(ISNUMBER($AB$19),R46*$AB$19,R46*$Y$12) | U46: =T46-S46
A47: Schmidt | B47: =COUNTIF(Dienstplan!B55:AF55,"FI") | C47: =COUNTIF(Dienstplan!B55:AF55,"FII") | D47: =COUNTIF(Dienstplan!B55:AF55,"SI") | E47: =COUNTIF(Dienstplan!B55:AF55,"SII") | F47: =COUNTIF(Dienstplan!B55:AF55,"NI") | G47: =COUNTIF(Dienstplan!B55:AF55,"DI") | H47: =COUNTIF(Dienstplan!B55:AF55,"DII") | I47: =COUNTIF(Dienstplan!B55:AF55,"KU") | J47: =COUNTIF(Dienstplan!B55:AF55,"EH") | K47: =COUNTIF(Dienstplan!B55:AF55,"SD") | L47: =COUNTIF(Dienstplan!B55:AF55,"GT") | M47: =COUNTIF(Dienstplan!B55:AF55,"NST") | N47: =COUNTIF(Dienstplan!B55:AF55,"KT") | O47: =COUNTIF(Dienstplan!B55:AF55,"Fobi") | P47: =COUNTIF(Dienstplan!B55:AF55,"U") | Q47: =COUNTIF(Dienstplan!B55:AF55,"A") | R47: =COUNTIF(Dienstplan!B55:AF55,"T-ZUG") | S47: =21*$Y$13 | T47: =IF(ISNUMBER($AB$3),B47*$AB$3,B47*$Y$13)+IF(ISNUMBER($AB$4),C47*$AB$4,C47*$Y$13)+IF(ISNUMBER($AB$5),D47*$AB$5,D47*$Y$13)+IF(ISNUMBER($AB$6),E47*$AB$6,E47*$Y$13)+IF(ISNUMBER($AB$7),F47*$AB$7,F47*$Y$13)+IF(ISNUMBER($AB$8),G47*$AB$8,G47*$Y$13)+IF(ISNUMBER($AB$9),H47*$AB$9,H47*$Y$13)+IF(ISNUMBER($AB$10),I47*$AB$10,I47*$Y$13)+IF(ISNUMBER($AB$11),J47*$AB$11,J47*$Y$13)+IF(ISNUMBER($AB$12),K47*$AB$12,K47*$Y$13)+IF(ISNUMBER($AB$13),L47*$AB$13,L47*$Y$13)+IF(ISNUMBER($AB$14),M47*$AB$14,M47*$Y$13)+IF(ISNUMBER($AB$15),N47*$AB$15,N47*$Y$13)+IF(ISNUMBER($AB$16),O47*$AB$16,O47*$Y$13)+IF(ISNUMBER($AB$17),P47*$AB$17,P47*$Y$13)+IF(ISNUMBER($AB$18),Q47*$AB$18,Q47*$Y$13)+IF(ISNUMBER($AB$19),R47*$AB$19,R47*$Y$13) | U47: =T47-S47
A48: Radimersky | B48: =COUNTIF(Dienstplan!B56:AF56,"FI") | C48: =COUNTIF(Dienstplan!B56:AF56,"FII") | D48: =COUNTIF(Dienstplan!B56:AF56,"SI") | E48: =COUNTIF(Dienstplan!B56:AF56,"SII") | F48: =COUNTIF(Dienstplan!B56:AF56,"NI") | G48: =COUNTIF(Dienstplan!B56:AF56,"DI") | H48: =COUNTIF(Dienstplan!B56:AF56,"DII") | I48: =COUNTIF(Dienstplan!B56:AF56,"KU") | J48: =COUNTIF(Dienstplan!B56:AF56,"EH") | K48: =COUNTIF(Dienstplan!B56:AF56,"SD") | L48: =COUNTIF(Dienstplan!B56:AF56,"GT") | M48: =COUNTIF(Dienstplan!B56:AF56,"NST") | N48: =COUNTIF(Dienstplan!B56:AF56,"KT") | O48: =COUNTIF(Dienstplan!B56:AF56,"Fobi") | P48: =COUNTIF(Dienstplan!B56:AF56,"U") | Q48: =COUNTIF(Dienstplan!B56:AF56,"A") | R48: =COUNTIF(Dienstplan!B56:AF56,"T-ZUG") | S48: =21*$Y$14 | T48: =IF(ISNUMBER($AB$3),B48*$AB$3,B48*$Y$14)+IF(ISNUMBER($AB$4),C48*$AB$4,C48*$Y$14)+IF(ISNUMBER($AB$5),D48*$AB$5,D48*$Y$14)+IF(ISNUMBER($AB$6),E48*$AB$6,E48*$Y$14)+IF(ISNUMBER($AB$7),F48*$AB$7,F48*$Y$14)+IF(ISNUMBER($AB$8),G48*$AB$8,G48*$Y$14)+IF(ISNUMBER($AB$9),H48*$AB$9,H48*$Y$14)+IF(ISNUMBER($AB$10),I48*$AB$10,I48*$Y$14)+IF(ISNUMBER($AB$11),J48*$AB$11,J48*$Y$14)+IF(ISNUMBER($AB$12),K48*$AB$12,K48*$Y$14)+IF(ISNUMBER($AB$13),L48*$AB$13,L48*$Y$14)+IF(ISNUMBER($AB$14),M48*$AB$14,M48*$Y$14)+IF(ISNUMBER($AB$15),N48*$AB$15,N48*$Y$14)+IF(ISNUMBER($AB$16),O48*$AB$16,O48*$Y$14)+IF(ISNUMBER($AB$17),P48*$AB$17,P48*$Y$14)+IF(ISNUMBER($AB$18),Q48*$AB$18,Q48*$Y$14)+IF(ISNUMBER($AB$19),R48*$AB$19,R48*$Y$14) | U48: =T48-S48
A49: Summe | B49: =SUM(B37:B48) | C49: =SUM(C37:C48) | D49: =SUM(D37:D48) | E49: =SUM(E37:E48) | F49: =SUM(F37:F48) | G49: =SUM(G37:G48) | H49: =SUM(H37:H48) | I49: =SUM(I37:I48) | ... U49: =SUM(U37:U48)
A51: April | C51: AT: | D51: 22 | F51: Sa: | G51: 4
A52: MA | B52: FI | C52: FII | D52: SI | E52: SII | F52: NI | G52: DI | H52: DII | I52: KU | J52: EH | K52: SD | L52: GT | M52: NST | N52: KT | O52: Fobi | P52: U | Q52: A | R52: T-ZUG | S52: Soll | T52: Ist | U52: Diff
A53: Breig | B53: =COUNTIF(Dienstplan!B64:AE64,"FI") | C53: =COUNTIF(Dienstplan!B64:AE64,"FII") | D53: =COUNTIF(Dienstplan!B64:AE64,"SI") | E53: =COUNTIF(Dienstplan!B64:AE64,"SII") | F53: =COUNTIF(Dienstplan!B64:AE64,"NI") | G53: =COUNTIF(Dienstplan!B64:AE64,"DI") | H53: =COUNTIF(Dienstplan!B64:AE64,"DII") | I53: =COUNTIF(Dienstplan!B64:AE64,"KU") | J53: =COUNTIF(Dienstplan!B64:AE64,"EH") | K53: =COUNTIF(Dienstplan!B64:AE64,"SD") | L53: =COUNTIF(Dienstplan!B64:AE64,"GT") | M53: =COUNTIF(Dienstplan!B64:AE64,"NST") | N53: =COUNTIF(Dienstplan!B64:AE64,"KT") | O53: =COUNTIF(Dienstplan!B64:AE64,"Fobi") | P53: =COUNTIF(Dienstplan!B64:AE64,"U") | Q53: =COUNTIF(Dienstplan!B64:AE64,"A") | R53: =COUNTIF(Dienstplan!B64:AE64,"T-ZUG") | S53: =22*$Y$3 | T53: =IF(ISNUMBER($AB$3),B53*$AB$3,B53*$Y$3)+IF(ISNUMBER($AB$4),C53*$AB$4,C53*$Y$3)+IF(ISNUMBER($AB$5),D53*$AB$5,D53*$Y$3)+IF(ISNUMBER($AB$6),E53*$AB$6,E53*$Y$3)+IF(ISNUMBER($AB$7),F53*$AB$7,F53*$Y$3)+IF(ISNUMBER($AB$8),G53*$AB$8,G53*$Y$3)+IF(ISNUMBER($AB$9),H53*$AB$9,H53*$Y$3)+IF(ISNUMBER($AB$10),I53*$AB$10,I53*$Y$3)+IF(ISNUMBER($AB$11),J53*$AB$11,J53*$Y$3)+IF(ISNUMBER($AB$12),K53*$AB$12,K53*$Y$3)+IF(ISNUMBER($AB$13),L53*$AB$13,L53*$Y$3)+IF(ISNUMBER($AB$14),M53*$AB$14,M53*$Y$3)+IF(ISNUMBER($AB$15),N53*$AB$15,N53*$Y$3)+IF(ISNUMBER($AB$16),O53*$AB$16,O53*$Y$3)+IF(ISNUMBER($AB$17),P53*$AB$17,P53*$Y$3)+IF(ISNUMBER($AB$18),Q53*$AB$18,Q53*$Y$3)+IF(ISNUMBER($AB$19),R53*$AB$19,R53*$Y$3) | U53: =T53-S53
A54: Siebert | B54: =COUNTIF(Dienstplan!B65:AE65,"FI") | C54: =COUNTIF(Dienstplan!B65:AE65,"FII") | D54: =COUNTIF(Dienstplan!B65:AE65,"SI") | E54: =COUNTIF(Dienstplan!B65:AE65,"SII") | F54: =COUNTIF(Dienstplan!B65:AE65,"NI") | G54: =COUNTIF(Dienstplan!B65:AE65,"DI") | H54: =COUNTIF(Dienstplan!B65:AE65,"DII") | I54: =COUNTIF(Dienstplan!B65:AE65,"KU") | J54: =COUNTIF(Dienstplan!B65:AE65,"EH") | K54: =COUNTIF(Dienstplan!B65:AE65,"SD") | L54: =COUNTIF(Dienstplan!B65:AE65,"GT") | M54: =COUNTIF(Dienstplan!B65:AE65,"NST") | N54: =COUNTIF(Dienstplan!B65:AE65,"KT") | O54: =COUNTIF(Dienstplan!B65:AE65,"Fobi") | P54: =COUNTIF(Dienstplan!B65:AE65,"U") | Q54: =COUNTIF(Dienstplan!B65:AE65,"A") | R54: =COUNTIF(Dienstplan!B65:AE65,"T-ZUG") | S54: =22*$Y$4 | T54: =IF(ISNUMBER($AB$3),B54*$AB$3,B54*$Y$4)+IF(ISNUMBER($AB$4),C54*$AB$4,C54*$Y$4)+IF(ISNUMBER($AB$5),D54*$AB$5,D54*$Y$4)+IF(ISNUMBER($AB$6),E54*$AB$6,E54*$Y$4)+IF(ISNUMBER($AB$7),F54*$AB$7,F54*$Y$4)+IF(ISNUMBER($AB$8),G54*$AB$8,G54*$Y$4)+IF(ISNUMBER($AB$9),H54*$AB$9,H54*$Y$4)+IF(ISNUMBER($AB$10),I54*$AB$10,I54*$Y$4)+IF(ISNUMBER($AB$11),J54*$AB$11,J54*$Y$4)+IF(ISNUMBER($AB$12),K54*$AB$12,K54*$Y$4)+IF(ISNUMBER($AB$13),L54*$AB$13,L54*$Y$4)+IF(ISNUMBER($AB$14),M54*$AB$14,M54*$Y$4)+IF(ISNUMBER($AB$15),N54*$AB$15,N54*$Y$4)+IF(ISNUMBER($AB$16),O54*$AB$16,O54*$Y$4)+IF(ISNUMBER($AB$17),P54*$AB$17,P54*$Y$4)+IF(ISNUMBER($AB$18),Q54*$AB$18,Q54*$Y$4)+IF(ISNUMBER($AB$19),R54*$AB$19,R54*$Y$4) | U54: =T54-S54
A55: Jochim | B55: =COUNTIF(Dienstplan!B66:AE66,"FI") | C55: =COUNTIF(Dienstplan!B66:AE66,"FII") | D55: =COUNTIF(Dienstplan!B66:AE66,"SI") | E55: =COUNTIF(Dienstplan!B66:AE66,"SII") | F55: =COUNTIF(Dienstplan!B66:AE66,"NI") | G55: =COUNTIF(Dienstplan!B66:AE66,"DI") | H55: =COUNTIF(Dienstplan!B66:AE66,"DII") | I55: =COUNTIF(Dienstplan!B66:AE66,"KU") | J55: =COUNTIF(Dienstplan!B66:AE66,"EH") | K55: =COUNTIF(Dienstplan!B66:AE66,"SD") | L55: =COUNTIF(Dienstplan!B66:AE66,"GT") | M55: =COUNTIF(Dienstplan!B66:AE66,"NST") | N55: =COUNTIF(Dienstplan!B66:AE66,"KT") | O55: =COUNTIF(Dienstplan!B66:AE66,"Fobi") | P55: =COUNTIF(Dienstplan!B66:AE66,"U") | Q55: =COUNTIF(Dienstplan!B66:AE66,"A") | R55: =COUNTIF(Dienstplan!B66:AE66,"T-ZUG") | S55: =22*$Y$5 | T55: =IF(ISNUMBER($AB$3),B55*$AB$3,B55*$Y$5)+IF(ISNUMBER($AB$4),C55*$AB$4,C55*$Y$5)+IF(ISNUMBER($AB$5),D55*$AB$5,D55*$Y$5)+IF(ISNUMBER($AB$6),E55*$AB$6,E55*$Y$5)+IF(ISNUMBER($AB$7),F55*$AB$7,F55*$Y$5)+IF(ISNUMBER($AB$8),G55*$AB$8,G55*$Y$5)+IF(ISNUMBER($AB$9),H55*$AB$9,H55*$Y$5)+IF(ISNUMBER($AB$10),I55*$AB$10,I55*$Y$5)+IF(ISNUMBER($AB$11),J55*$AB$11,J55*$Y$5)+IF(ISNUMBER($AB$12),K55*$AB$12,K55*$Y$5)+IF(ISNUMBER($AB$13),L55*$AB$13,L55*$Y$5)+IF(ISNUMBER($AB$14),M55*$AB$14,M55*$Y$5)+IF(ISNUMBER($AB$15),N55*$AB$15,N55*$Y$5)+IF(ISNUMBER($AB$16),O55*$AB$16,O55*$Y$5)+IF(ISNUMBER($AB$17),P55*$AB$17,P55*$Y$5)+IF(ISNUMBER($AB$18),Q55*$AB$18,Q55*$Y$5)+IF(ISNUMBER($AB$19),R55*$AB$19,R55*$Y$5) | U55: =T55-S55
A56: Wunsch | B56: =COUNTIF(Dienstplan!B67:AE67,"FI") | C56: =COUNTIF(Dienstplan!B67:AE67,"FII") | D56: =COUNTIF(Dienstplan!B67:AE67,"SI") | E56: =COUNTIF(Dienstplan!B67:AE67,"SII") | F56: =COUNTIF(Dienstplan!B67:AE67,"NI") | G56: =COUNTIF(Dienstplan!B67:AE67,"DI") | H56: =COUNTIF(Dienstplan!B67:AE67,"DII") | I56: =COUNTIF(Dienstplan!B67:AE67,"KU") | J56: =COUNTIF(Dienstplan!B67:AE67,"EH") | K56: =COUNTIF(Dienstplan!B67:AE67,"SD") | L56: =COUNTIF(Dienstplan!B67:AE67,"GT") | M56: =COUNTIF(Dienstplan!B67:AE67,"NST") | N56: =COUNTIF(Dienstplan!B67:AE67,"KT") | O56: =COUNTIF(Dienstplan!B67:AE67,"Fobi") | P56: =COUNTIF(Dienstplan!B67:AE67,"U") | Q56: =COUNTIF(Dienstplan!B67:AE67,"A") | R56: =COUNTIF(Dienstplan!B67:AE67,"T-ZUG") | S56: =22*$Y$6 | T56: =IF(ISNUMBER($AB$3),B56*$AB$3,B56*$Y$6)+IF(ISNUMBER($AB$4),C56*$AB$4,C56*$Y$6)+IF(ISNUMBER($AB$5),D56*$AB$5,D56*$Y$6)+IF(ISNUMBER($AB$6),E56*$AB$6,E56*$Y$6)+IF(ISNUMBER($AB$7),F56*$AB$7,F56*$Y$6)+IF(ISNUMBER($AB$8),G56*$AB$8,G56*$Y$6)+IF(ISNUMBER($AB$9),H56*$AB$9,H56*$Y$6)+IF(ISNUMBER($AB$10),I56*$AB$10,I56*$Y$6)+IF(ISNUMBER($AB$11),J56*$AB$11,J56*$Y$6)+IF(ISNUMBER($AB$12),K56*$AB$12,K56*$Y$6)+IF(ISNUMBER($AB$13),L56*$AB$13,L56*$Y$6)+IF(ISNUMBER($AB$14),M56*$AB$14,M56*$Y$6)+IF(ISNUMBER($AB$15),N56*$AB$15,N56*$Y$6)+IF(ISNUMBER($AB$16),O56*$AB$16,O56*$Y$6)+IF(ISNUMBER($AB$17),P56*$AB$17,P56*$Y$6)+IF(ISNUMBER($AB$18),Q56*$AB$18,Q56*$Y$6)+IF(ISNUMBER($AB$19),R56*$AB$19,R56*$Y$6) | U56: =T56-S56
A57: Göpfrich | B57: =COUNTIF(Dienstplan!B68:AE68,"FI") | C57: =COUNTIF(Dienstplan!B68:AE68,"FII") | D57: =COUNTIF(Dienstplan!B68:AE68,"SI") | E57: =COUNTIF(Dienstplan!B68:AE68,"SII") | F57: =COUNTIF(Dienstplan!B68:AE68,"NI") | G57: =COUNTIF(Dienstplan!B68:AE68,"DI") | H57: =COUNTIF(Dienstplan!B68:AE68,"DII") | I57: =COUNTIF(Dienstplan!B68:AE68,"KU") | J57: =COUNTIF(Dienstplan!B68:AE68,"EH") | K57: =COUNTIF(Dienstplan!B68:AE68,"SD") | L57: =COUNTIF(Dienstplan!B68:AE68,"GT") | M57: =COUNTIF(Dienstplan!B68:AE68,"NST") | N57: =COUNTIF(Dienstplan!B68:AE68,"KT") | O57: =COUNTIF(Dienstplan!B68:AE68,"Fobi") | P57: =COUNTIF(Dienstplan!B68:AE68,"U") | Q57: =COUNTIF(Dienstplan!B68:AE68,"A") | R57: =COUNTIF(Dienstplan!B68:AE68,"T-ZUG") | S57: =22*$Y$7 | T57: =IF(ISNUMBER($AB$3),B57*$AB$3,B57*$Y$7)+IF(ISNUMBER($AB$4),C57*$AB$4,C57*$Y$7)+IF(ISNUMBER($AB$5),D57*$AB$5,D57*$Y$7)+IF(ISNUMBER($AB$6),E57*$AB$6,E57*$Y$7)+IF(ISNUMBER($AB$7),F57*$AB$7,F57*$Y$7)+IF(ISNUMBER($AB$8),G57*$AB$8,G57*$Y$7)+IF(ISNUMBER($AB$9),H57*$AB$9,H57*$Y$7)+IF(ISNUMBER($AB$10),I57*$AB$10,I57*$Y$7)+IF(ISNUMBER($AB$11),J57*$AB$11,J57*$Y$7)+IF(ISNUMBER($AB$12),K57*$AB$12,K57*$Y$7)+IF(ISNUMBER($AB$13),L57*$AB$13,L57*$Y$7)+IF(ISNUMBER($AB$14),M57*$AB$14,M57*$Y$7)+IF(ISNUMBER($AB$15),N57*$AB$15,N57*$Y$7)+IF(ISNUMBER($AB$16),O57*$AB$16,O57*$Y$7)+IF(ISNUMBER($AB$17),P57*$AB$17,P57*$Y$7)+IF(ISNUMBER($AB$18),Q57*$AB$18,Q57*$Y$7)+IF(ISNUMBER($AB$19),R57*$AB$19,R57*$Y$7) | U57: =T57-S57
A58: Zeller | B58: =COUNTIF(Dienstplan!B69:AE69,"FI") | C58: =COUNTIF(Dienstplan!B69:AE69,"FII") | D58: =COUNTIF(Dienstplan!B69:AE69,"SI") | E58: =COUNTIF(Dienstplan!B69:AE69,"SII") | F58: =COUNTIF(Dienstplan!B69:AE69,"NI") | G58: =COUNTIF(Dienstplan!B69:AE69,"DI") | H58: =COUNTIF(Dienstplan!B69:AE69,"DII") | I58: =COUNTIF(Dienstplan!B69:AE69,"KU") | J58: =COUNTIF(Dienstplan!B69:AE69,"EH") | K58: =COUNTIF(Dienstplan!B69:AE69,"SD") | L58: =COUNTIF(Dienstplan!B69:AE69,"GT") | M58: =COUNTIF(Dienstplan!B69:AE69,"NST") | N58: =COUNTIF(Dienstplan!B69:AE69,"KT") | O58: =COUNTIF(Dienstplan!B69:AE69,"Fobi") | P58: =COUNTIF(Dienstplan!B69:AE69,"U") | Q58: =COUNTIF(Dienstplan!B69:AE69,"A") | R58: =COUNTIF(Dienstplan!B69:AE69,"T-ZUG") | S58: =22*$Y$8 | T58: =IF(ISNUMBER($AB$3),B58*$AB$3,B58*$Y$8)+IF(ISNUMBER($AB$4),C58*$AB$4,C58*$Y$8)+IF(ISNUMBER($AB$5),D58*$AB$5,D58*$Y$8)+IF(ISNUMBER($AB$6),E58*$AB$6,E58*$Y$8)+IF(ISNUMBER($AB$7),F58*$AB$7,F58*$Y$8)+IF(ISNUMBER($AB$8),G58*$AB$8,G58*$Y$8)+IF(ISNUMBER($AB$9),H58*$AB$9,H58*$Y$8)+IF(ISNUMBER($AB$10),I58*$AB$10,I58*$Y$8)+IF(ISNUMBER($AB$11),J58*$AB$11,J58*$Y$8)+IF(ISNUMBER($AB$12),K58*$AB$12,K58*$Y$8)+IF(ISNUMBER($AB$13),L58*$AB$13,L58*$Y$8)+IF(ISNUMBER($AB$14),M58*$AB$14,M58*$Y$8)+IF(ISNUMBER($AB$15),N58*$AB$15,N58*$Y$8)+IF(ISNUMBER($AB$16),O58*$AB$16,O58*$Y$8)+IF(ISNUMBER($AB$17),P58*$AB$17,P58*$Y$8)+IF(ISNUMBER($AB$18),Q58*$AB$18,Q58*$Y$8)+IF(ISNUMBER($AB$19),R58*$AB$19,R58*$Y$8) | U58: =T58-S58
A59: Behrendt | B59: =COUNTIF(Dienstplan!B70:AE70,"FI") | C59: =COUNTIF(Dienstplan!B70:AE70,"FII") | D59: =COUNTIF(Dienstplan!B70:AE70,"SI") | E59: =COUNTIF(Dienstplan!B70:AE70,"SII") | F59: =COUNTIF(Dienstplan!B70:AE70,"NI") | G59: =COUNTIF(Dienstplan!B70:AE70,"DI") | H59: =COUNTIF(Dienstplan!B70:AE70,"DII") | I59: =COUNTIF(Dienstplan!B70:AE70,"KU") | J59: =COUNTIF(Dienstplan!B70:AE70,"EH") | K59: =COUNTIF(Dienstplan!B70:AE70,"SD") | L59: =COUNTIF(Dienstplan!B70:AE70,"GT") | M59: =COUNTIF(Dienstplan!B70:AE70,"NST") | N59: =COUNTIF(Dienstplan!B70:AE70,"KT") | O59: =COUNTIF(Dienstplan!B70:AE70,"Fobi") | P59: =COUNTIF(Dienstplan!B70:AE70,"U") | Q59: =COUNTIF(Dienstplan!B70:AE70,"A") | R59: =COUNTIF(Dienstplan!B70:AE70,"T-ZUG") | S59: =22*$Y$9 | T59: =IF(ISNUMBER($AB$3),B59*$AB$3,B59*$Y$9)+IF(ISNUMBER($AB$4),C59*$AB$4,C59*$Y$9)+IF(ISNUMBER($AB$5),D59*$AB$5,D59*$Y$9)+IF(ISNUMBER($AB$6),E59*$AB$6,E59*$Y$9)+IF(ISNUMBER($AB$7),F59*$AB$7,F59*$Y$9)+IF(ISNUMBER($AB$8),G59*$AB$8,G59*$Y$9)+IF(ISNUMBER($AB$9),H59*$AB$9,H59*$Y$9)+IF(ISNUMBER($AB$10),I59*$AB$10,I59*$Y$9)+IF(ISNUMBER($AB$11),J59*$AB$11,J59*$Y$9)+IF(ISNUMBER($AB$12),K59*$AB$12,K59*$Y$9)+IF(ISNUMBER($AB$13),L59*$AB$13,L59*$Y$9)+IF(ISNUMBER($AB$14),M59*$AB$14,M59*$Y$9)+IF(ISNUMBER($AB$15),N59*$AB$15,N59*$Y$9)+IF(ISNUMBER($AB$16),O59*$AB$16,O59*$Y$9)+IF(ISNUMBER($AB$17),P59*$AB$17,P59*$Y$9)+IF(ISNUMBER($AB$18),Q59*$AB$18,Q59*$Y$9)+IF(ISNUMBER($AB$19),R59*$AB$19,R59*$Y$9) | U59: =T59-S59
A60: Krempl | B60: =COUNTIF(Dienstplan!B71:AE71,"FI") | C60: =COUNTIF(Dienstplan!B71:AE71,"FII") | D60: =COUNTIF(Dienstplan!B71:AE71,"SI") | E60: =COUNTIF(Dienstplan!B71:AE71,"SII") | F60: =COUNTIF(Dienstplan!B71:AE71,"NI") | G60: =COUNTIF(Dienstplan!B71:AE71,"DI") | H60: =COUNTIF(Dienstplan!B71:AE71,"DII") | I60: =COUNTIF(Dienstplan!B71:AE71,"KU") | J60: =COUNTIF(Dienstplan!B71:AE71,"EH") | K60: =COUNTIF(Dienstplan!B71:AE71,"SD") | L60: =COUNTIF(Dienstplan!B71:AE71,"GT") | M60: =COUNTIF(Dienstplan!B71:AE71,"NST") | N60: =COUNTIF(Dienstplan!B71:AE71,"KT") | O60: =COUNTIF(Dienstplan!B71:AE71,"Fobi") | P60: =COUNTIF(Dienstplan!B71:AE71,"U") | Q60: =COUNTIF(Dienstplan!B71:AE71,"A") | R60: =COUNTIF(Dienstplan!B71:AE71,"T-ZUG") | S60: =22*$Y$10 | T60: =IF(ISNUMBER($AB$3),B60*$AB$3,B60*$Y$10)+IF(ISNUMBER($AB$4),C60*$AB$4,C60*$Y$10)+IF(ISNUMBER($AB$5),D60*$AB$5,D60*$Y$10)+IF(ISNUMBER($AB$6),E60*$AB$6,E60*$Y$10)+IF(ISNUMBER($AB$7),F60*$AB$7,F60*$Y$10)+IF(ISNUMBER($AB$8),G60*$AB$8,G60*$Y$10)+IF(ISNUMBER($AB$9),H60*$AB$9,H60*$Y$10)+IF(ISNUMBER($AB$10),I60*$AB$10,I60*$Y$10)+IF(ISNUMBER($AB$11),J60*$AB$11,J60*$Y$10)+IF(ISNUMBER($AB$12),K60*$AB$12,K60*$Y$10)+IF(ISNUMBER($AB$13),L60*$AB$13,L60*$Y$10)+IF(ISNUMBER($AB$14),M60*$AB$14,M60*$Y$10)+IF(ISNUMBER($AB$15),N60*$AB$15,N60*$Y$10)+IF(ISNUMBER($AB$16),O60*$AB$16,O60*$Y$10)+IF(ISNUMBER($AB$17),P60*$AB$17,P60*$Y$10)+IF(ISNUMBER($AB$18),Q60*$AB$18,Q60*$Y$10)+IF(ISNUMBER($AB$19),R60*$AB$19,R60*$Y$10) | U60: =T60-S60
A61: Putschler | B61: =COUNTIF(Dienstplan!B72:AE72,"FI") | C61: =COUNTIF(Dienstplan!B72:AE72,"FII") | D61: =COUNTIF(Dienstplan!B72:AE72,"SI") | E61: =COUNTIF(Dienstplan!B72:AE72,"SII") | F61: =COUNTIF(Dienstplan!B72:AE72,"NI") | G61: =COUNTIF(Dienstplan!B72:AE72,"DI") | H61: =COUNTIF(Dienstplan!B72:AE72,"DII") | I61: =COUNTIF(Dienstplan!B72:AE72,"KU") | J61: =COUNTIF(Dienstplan!B72:AE72,"EH") | K61: =COUNTIF(Dienstplan!B72:AE72,"SD") | L61: =COUNTIF(Dienstplan!B72:AE72,"GT") | M61: =COUNTIF(Dienstplan!B72:AE72,"NST") | N61: =COUNTIF(Dienstplan!B72:AE72,"KT") | O61: =COUNTIF(Dienstplan!B72:AE72,"Fobi") | P61: =COUNTIF(Dienstplan!B72:AE72,"U") | Q61: =COUNTIF(Dienstplan!B72:AE72,"A") | R61: =COUNTIF(Dienstplan!B72:AE72,"T-ZUG") | S61: =22*$Y$11 | T61: =IF(ISNUMBER($AB$3),B61*$AB$3,B61*$Y$11)+IF(ISNUMBER($AB$4),C61*$AB$4,C61*$Y$11)+IF(ISNUMBER($AB$5),D61*$AB$5,D61*$Y$11)+IF(ISNUMBER($AB$6),E61*$AB$6,E61*$Y$11)+IF(ISNUMBER($AB$7),F61*$AB$7,F61*$Y$11)+IF(ISNUMBER($AB$8),G61*$AB$8,G61*$Y$11)+IF(ISNUMBER($AB$9),H61*$AB$9,H61*$Y$11)+IF(ISNUMBER($AB$10),I61*$AB$10,I61*$Y$11)+IF(ISNUMBER($AB$11),J61*$AB$11,J61*$Y$11)+IF(ISNUMBER($AB$12),K61*$AB$12,K61*$Y$11)+IF(ISNUMBER($AB$13),L61*$AB$13,L61*$Y$11)+IF(ISNUMBER($AB$14),M61*$AB$14,M61*$Y$11)+IF(ISNUMBER($AB$15),N61*$AB$15,N61*$Y$11)+IF(ISNUMBER($AB$16),O61*$AB$16,O61*$Y$11)+IF(ISNUMBER($AB$17),P61*$AB$17,P61*$Y$11)+IF(ISNUMBER($AB$18),Q61*$AB$18,Q61*$Y$11)+IF(ISNUMBER($AB$19),R61*$AB$19,R61*$Y$11) | U61: =T61-S61
A62: Kunz | B62: =COUNTIF(Dienstplan!B73:AE73,"FI") | C62: =COUNTIF(Dienstplan!B73:AE73,"FII") | D62: =COUNTIF(Dienstplan!B73:AE73,"SI") | E62: =COUNTIF(Dienstplan!B73:AE73,"SII") | F62: =COUNTIF(Dienstplan!B73:AE73,"NI") | G62: =COUNTIF(Dienstplan!B73:AE73,"DI") | H62: =COUNTIF(Dienstplan!B73:AE73,"DII") | I62: =COUNTIF(Dienstplan!B73:AE73,"KU") | J62: =COUNTIF(Dienstplan!B73:AE73,"EH") | K62: =COUNTIF(Dienstplan!B73:AE73,"SD") | L62: =COUNTIF(Dienstplan!B73:AE73,"GT") | M62: =COUNTIF(Dienstplan!B73:AE73,"NST") | N62: =COUNTIF(Dienstplan!B73:AE73,"KT") | O62: =COUNTIF(Dienstplan!B73:AE73,"Fobi") | P62: =COUNTIF(Dienstplan!B73:AE73,"U") | Q62: =COUNTIF(Dienstplan!B73:AE73,"A") | R62: =COUNTIF(Dienstplan!B73:AE73,"T-ZUG") | S62: =22*$Y$12 | T62: =IF(ISNUMBER($AB$3),B62*$AB$3,B62*$Y$12)+IF(ISNUMBER($AB$4),C62*$AB$4,C62*$Y$12)+IF(ISNUMBER($AB$5),D62*$AB$5,D62*$Y$12)+IF(ISNUMBER($AB$6),E62*$AB$6,E62*$Y$12)+IF(ISNUMBER($AB$7),F62*$AB$7,F62*$Y$12)+IF(ISNUMBER($AB$8),G62*$AB$8,G62*$Y$12)+IF(ISNUMBER($AB$9),H62*$AB$9,H62*$Y$12)+IF(ISNUMBER($AB$10),I62*$AB$10,I62*$Y$12)+IF(ISNUMBER($AB$11),J62*$AB$11,J62*$Y$12)+IF(ISNUMBER($AB$12),K62*$AB$12,K62*$Y$12)+IF(ISNUMBER($AB$13),L62*$AB$13,L62*$Y$12)+IF(ISNUMBER($AB$14),M62*$AB$14,M62*$Y$12)+IF(ISNUMBER($AB$15),N62*$AB$15,N62*$Y$12)+IF(ISNUMBER($AB$16),O62*$AB$16,O62*$Y$12)+IF(ISNUMBER($AB$17),P62*$AB$17,P62*$Y$12)+IF(ISNUMBER($AB$18),Q62*$AB$18,Q62*$Y$12)+IF(ISNUMBER($AB$19),R62*$AB$19,R62*$Y$12) | U62: =T62-S62
A63: Schmidt | B63: =COUNTIF(Dienstplan!B74:AE74,"FI") | C63: =COUNTIF(Dienstplan!B74:AE74,"FII") | D63: =COUNTIF(Dienstplan!B74:AE74,"SI") | E63: =COUNTIF(Dienstplan!B74:AE74,"SII") | F63: =COUNTIF(Dienstplan!B74:AE74,"NI") | G63: =COUNTIF(Dienstplan!B74:AE74,"DI") | H63: =COUNTIF(Dienstplan!B74:AE74,"DII") | I63: =COUNTIF(Dienstplan!B74:AE74,"KU") | J63: =COUNTIF(Dienstplan!B74:AE74,"EH") | K63: =COUNTIF(Dienstplan!B74:AE74,"SD") | L63: =COUNTIF(Dienstplan!B74:AE74,"GT") | M63: =COUNTIF(Dienstplan!B74:AE74,"NST") | N63: =COUNTIF(Dienstplan!B74:AE74,"KT") | O63: =COUNTIF(Dienstplan!B74:AE74,"Fobi") | P63: =COUNTIF(Dienstplan!B74:AE74,"U") | Q63: =COUNTIF(Dienstplan!B74:AE74,"A") | R63: =COUNTIF(Dienstplan!B74:AE74,"T-ZUG") | S63: =22*$Y$13 | T63: =IF(ISNUMBER($AB$3),B63*$AB$3,B63*$Y$13)+IF(ISNUMBER($AB$4),C63*$AB$4,C63*$Y$13)+IF(ISNUMBER($AB$5),D63*$AB$5,D63*$Y$13)+IF(ISNUMBER($AB$6),E63*$AB$6,E63*$Y$13)+IF(ISNUMBER($AB$7),F63*$AB$7,F63*$Y$13)+IF(ISNUMBER($AB$8),G63*$AB$8,G63*$Y$13)+IF(ISNUMBER($AB$9),H63*$AB$9,H63*$Y$13)+IF(ISNUMBER($AB$10),I63*$AB$10,I63*$Y$13)+IF(ISNUMBER($AB$11),J63*$AB$11,J63*$Y$13)+IF(ISNUMBER($AB$12),K63*$AB$12,K63*$Y$13)+IF(ISNUMBER($AB$13),L63*$AB$13,L63*$Y$13)+IF(ISNUMBER($AB$14),M63*$AB$14,M63*$Y$13)+IF(ISNUMBER($AB$15),N63*$AB$15,N63*$Y$13)+IF(ISNUMBER($AB$16),O63*$AB$16,O63*$Y$13)+IF(ISNUMBER($AB$17),P63*$AB$17,P63*$Y$13)+IF(ISNUMBER($AB$18),Q63*$AB$18,Q63*$Y$13)+IF(ISNUMBER($AB$19),R63*$AB$19,R63*$Y$13) | U63: =T63-S63
A64: Radimersky | B64: =COUNTIF(Dienstplan!B75:AE75,"FI") | C64: =COUNTIF(Dienstplan!B75:AE75,"FII") | D64: =COUNTIF(Dienstplan!B75:AE75,"SI") | E64: =COUNTIF(Dienstplan!B75:AE75,"SII") | F64: =COUNTIF(Dienstplan!B75:AE75,"NI") | G64: =COUNTIF(Dienstplan!B75:AE75,"DI") | H64: =COUNTIF(Dienstplan!B75:AE75,"DII") | I64: =COUNTIF(Dienstplan!B75:AE75,"KU") | J64: =COUNTIF(Dienstplan!B75:AE75,"EH") | K64: =COUNTIF(Dienstplan!B75:AE75,"SD") | L64: =COUNTIF(Dienstplan!B75:AE75,"GT") | M64: =COUNTIF(Dienstplan!B75:AE75,"NST") | N64: =COUNTIF(Dienstplan!B75:AE75,"KT") | O64: =COUNTIF(Dienstplan!B75:AE75,"Fobi") | P64: =COUNTIF(Dienstplan!B75:AE75,"U") | Q64: =COUNTIF(Dienstplan!B75:AE75,"A") | R64: =COUNTIF(Dienstplan!B75:AE75,"T-ZUG") | S64: =22*$Y$14 | T64: =IF(ISNUMBER($AB$3),B64*$AB$3,B64*$Y$14)+IF(ISNUMBER($AB$4),C64*$AB$4,C64*$Y$14)+IF(ISNUMBER($AB$5),D64*$AB$5,D64*$Y$14)+IF(ISNUMBER($AB$6),E64*$AB$6,E64*$Y$14)+IF(ISNUMBER($AB$7),F64*$AB$7,F64*$Y$14)+IF(ISNUMBER($AB$8),G64*$AB$8,G64*$Y$14)+IF(ISNUMBER($AB$9),H64*$AB$9,H64*$Y$14)+IF(ISNUMBER($AB$10),I64*$AB$10,I64*$Y$14)+IF(ISNUMBER($AB$11),J64*$AB$11,J64*$Y$14)+IF(ISNUMBER($AB$12),K64*$AB$12,K64*$Y$14)+IF(ISNUMBER($AB$13),L64*$AB$13,L64*$Y$14)+IF(ISNUMBER($AB$14),M64*$AB$14,M64*$Y$14)+IF(ISNUMBER($AB$15),N64*$AB$15,N64*$Y$14)+IF(ISNUMBER($AB$16),O64*$AB$16,O64*$Y$14)+IF(ISNUMBER($AB$17),P64*$AB$17,P64*$Y$14)+IF(ISNUMBER($AB$18),Q64*$AB$18,Q64*$Y$14)+IF(ISNUMBER($AB$19),R64*$AB$19,R64*$Y$14) | U64: =T64-S64
A65: Summe | B65: =SUM(B53:B64) | C65: =SUM(C53:C64) | D65: =SUM(D53:D64) | E65: =SUM(E53:E64) | F65: =SUM(F53:F64) | G65: =SUM(G53:G64) | H65: =SUM(H53:H64) | I65: =SUM(I53:I64) | ... U65: =SUM(U53:U64)
A67: Mai | C67: AT: | D67: 18 | F67: Sa: | G67: 5
A68: MA | B68: FI | C68: FII | D68: SI | E68: SII | F68: NI | G68: DI | H68: DII | I68: KU | J68: EH | K68: SD | L68: GT | M68: NST | N68: KT | O68: Fobi | P68: U | Q68: A | R68: T-ZUG | S68: Soll | T68: Ist | U68: Diff
A69: Breig | B69: =COUNTIF(Dienstplan!B83:AF83,"FI") | C69: =COUNTIF(Dienstplan!B83:AF83,"FII") | D69: =COUNTIF(Dienstplan!B83:AF83,"SI") | E69: =COUNTIF(Dienstplan!B83:AF83,"SII") | F69: =COUNTIF(Dienstplan!B83:AF83,"NI") | G69: =COUNTIF(Dienstplan!B83:AF83,"DI") | H69: =COUNTIF(Dienstplan!B83:AF83,"DII") | I69: =COUNTIF(Dienstplan!B83:AF83,"KU") | J69: =COUNTIF(Dienstplan!B83:AF83,"EH") | K69: =COUNTIF(Dienstplan!B83:AF83,"SD") | L69: =COUNTIF(Dienstplan!B83:AF83,"GT") | M69: =COUNTIF(Dienstplan!B83:AF83,"NST") | N69: =COUNTIF(Dienstplan!B83:AF83,"KT") | O69: =COUNTIF(Dienstplan!B83:AF83,"Fobi") | P69: =COUNTIF(Dienstplan!B83:AF83,"U") | Q69: =COUNTIF(Dienstplan!B83:AF83,"A") | R69: =COUNTIF(Dienstplan!B83:AF83,"T-ZUG") | S69: =18*$Y$3 | T69: =IF(ISNUMBER($AB$3),B69*$AB$3,B69*$Y$3)+IF(ISNUMBER($AB$4),C69*$AB$4,C69*$Y$3)+IF(ISNUMBER($AB$5),D69*$AB$5,D69*$Y$3)+IF(ISNUMBER($AB$6),E69*$AB$6,E69*$Y$3)+IF(ISNUMBER($AB$7),F69*$AB$7,F69*$Y$3)+IF(ISNUMBER($AB$8),G69*$AB$8,G69*$Y$3)+IF(ISNUMBER($AB$9),H69*$AB$9,H69*$Y$3)+IF(ISNUMBER($AB$10),I69*$AB$10,I69*$Y$3)+IF(ISNUMBER($AB$11),J69*$AB$11,J69*$Y$3)+IF(ISNUMBER($AB$12),K69*$AB$12,K69*$Y$3)+IF(ISNUMBER($AB$13),L69*$AB$13,L69*$Y$3)+IF(ISNUMBER($AB$14),M69*$AB$14,M69*$Y$3)+IF(ISNUMBER($AB$15),N69*$AB$15,N69*$Y$3)+IF(ISNUMBER($AB$16),O69*$AB$16,O69*$Y$3)+IF(ISNUMBER($AB$17),P69*$AB$17,P69*$Y$3)+IF(ISNUMBER($AB$18),Q69*$AB$18,Q69*$Y$3)+IF(ISNUMBER($AB$19),R69*$AB$19,R69*$Y$3) | U69: =T69-S69
A70: Siebert | B70: =COUNTIF(Dienstplan!B84:AF84,"FI") | C70: =COUNTIF(Dienstplan!B84:AF84,"FII") | D70: =COUNTIF(Dienstplan!B84:AF84,"SI") | E70: =COUNTIF(Dienstplan!B84:AF84,"SII") | F70: =COUNTIF(Dienstplan!B84:AF84,"NI") | G70: =COUNTIF(Dienstplan!B84:AF84,"DI") | H70: =COUNTIF(Dienstplan!B84:AF84,"DII") | I70: =COUNTIF(Dienstplan!B84:AF84,"KU") | J70: =COUNTIF(Dienstplan!B84:AF84,"EH") | K70: =COUNTIF(Dienstplan!B84:AF84,"SD") | L70: =COUNTIF(Dienstplan!B84:AF84,"GT") | M70: =COUNTIF(Dienstplan!B84:AF84,"NST") | N70: =COUNTIF(Dienstplan!B84:AF84,"KT") | O70: =COUNTIF(Dienstplan!B84:AF84,"Fobi") | P70: =COUNTIF(Dienstplan!B84:AF84,"U") | Q70: =COUNTIF(Dienstplan!B84:AF84,"A") | R70: =COUNTIF(Dienstplan!B84:AF84,"T-ZUG") | S70: =18*$Y$4 | T70: =IF(ISNUMBER($AB$3),B70*$AB$3,B70*$Y$4)+IF(ISNUMBER($AB$4),C70*$AB$4,C70*$Y$4)+IF(ISNUMBER($AB$5),D70*$AB$5,D70*$Y$4)+IF(ISNUMBER($AB$6),E70*$AB$6,E70*$Y$4)+IF(ISNUMBER($AB$7),F70*$AB$7,F70*$Y$4)+IF(ISNUMBER($AB$8),G70*$AB$8,G70*$Y$4)+IF(ISNUMBER($AB$9),H70*$AB$9,H70*$Y$4)+IF(ISNUMBER($AB$10),I70*$AB$10,I70*$Y$4)+IF(ISNUMBER($AB$11),J70*$AB$11,J70*$Y$4)+IF(ISNUMBER($AB$12),K70*$AB$12,K70*$Y$4)+IF(ISNUMBER($AB$13),L70*$AB$13,L70*$Y$4)+IF(ISNUMBER($AB$14),M70*$AB$14,M70*$Y$4)+IF(ISNUMBER($AB$15),N70*$AB$15,N70*$Y$4)+IF(ISNUMBER($AB$16),O70*$AB$16,O70*$Y$4)+IF(ISNUMBER($AB$17),P70*$AB$17,P70*$Y$4)+IF(ISNUMBER($AB$18),Q70*$AB$18,Q70*$Y$4)+IF(ISNUMBER($AB$19),R70*$AB$19,R70*$Y$4) | U70: =T70-S70
A71: Jochim | B71: =COUNTIF(Dienstplan!B85:AF85,"FI") | C71: =COUNTIF(Dienstplan!B85:AF85,"FII") | D71: =COUNTIF(Dienstplan!B85:AF85,"SI") | E71: =COUNTIF(Dienstplan!B85:AF85,"SII") | F71: =COUNTIF(Dienstplan!B85:AF85,"NI") | G71: =COUNTIF(Dienstplan!B85:AF85,"DI") | H71: =COUNTIF(Dienstplan!B85:AF85,"DII") | I71: =COUNTIF(Dienstplan!B85:AF85,"KU") | J71: =COUNTIF(Dienstplan!B85:AF85,"EH") | K71: =COUNTIF(Dienstplan!B85:AF85,"SD") | L71: =COUNTIF(Dienstplan!B85:AF85,"GT") | M71: =COUNTIF(Dienstplan!B85:AF85,"NST") | N71: =COUNTIF(Dienstplan!B85:AF85,"KT") | O71: =COUNTIF(Dienstplan!B85:AF85,"Fobi") | P71: =COUNTIF(Dienstplan!B85:AF85,"U") | Q71: =COUNTIF(Dienstplan!B85:AF85,"A") | R71: =COUNTIF(Dienstplan!B85:AF85,"T-ZUG") | S71: =18*$Y$5 | T71: =IF(ISNUMBER($AB$3),B71*$AB$3,B71*$Y$5)+IF(ISNUMBER($AB$4),C71*$AB$4,C71*$Y$5)+IF(ISNUMBER($AB$5),D71*$AB$5,D71*$Y$5)+IF(ISNUMBER($AB$6),E71*$AB$6,E71*$Y$5)+IF(ISNUMBER($AB$7),F71*$AB$7,F71*$Y$5)+IF(ISNUMBER($AB$8),G71*$AB$8,G71*$Y$5)+IF(ISNUMBER($AB$9),H71*$AB$9,H71*$Y$5)+IF(ISNUMBER($AB$10),I71*$AB$10,I71*$Y$5)+IF(ISNUMBER($AB$11),J71*$AB$11,J71*$Y$5)+IF(ISNUMBER($AB$12),K71*$AB$12,K71*$Y$5)+IF(ISNUMBER($AB$13),L71*$AB$13,L71*$Y$5)+IF(ISNUMBER($AB$14),M71*$AB$14,M71*$Y$5)+IF(ISNUMBER($AB$15),N71*$AB$15,N71*$Y$5)+IF(ISNUMBER($AB$16),O71*$AB$16,O71*$Y$5)+IF(ISNUMBER($AB$17),P71*$AB$17,P71*$Y$5)+IF(ISNUMBER($AB$18),Q71*$AB$18,Q71*$Y$5)+IF(ISNUMBER($AB$19),R71*$AB$19,R71*$Y$5) | U71: =T71-S71
A72: Wunsch | B72: =COUNTIF(Dienstplan!B86:AF86,"FI") | C72: =COUNTIF(Dienstplan!B86:AF86,"FII") | D72: =COUNTIF(Dienstplan!B86:AF86,"SI") | E72: =COUNTIF(Dienstplan!B86:AF86,"SII") | F72: =COUNTIF(Dienstplan!B86:AF86,"NI") | G72: =COUNTIF(Dienstplan!B86:AF86,"DI") | H72: =COUNTIF(Dienstplan!B86:AF86,"DII") | I72: =COUNTIF(Dienstplan!B86:AF86,"KU") | J72: =COUNTIF(Dienstplan!B86:AF86,"EH") | K72: =COUNTIF(Dienstplan!B86:AF86,"SD") | L72: =COUNTIF(Dienstplan!B86:AF86,"GT") | M72: =COUNTIF(Dienstplan!B86:AF86,"NST") | N72: =COUNTIF(Dienstplan!B86:AF86,"KT") | O72: =COUNTIF(Dienstplan!B86:AF86,"Fobi") | P72: =COUNTIF(Dienstplan!B86:AF86,"U") | Q72: =COUNTIF(Dienstplan!B86:AF86,"A") | R72: =COUNTIF(Dienstplan!B86:AF86,"T-ZUG") | S72: =18*$Y$6 | T72: =IF(ISNUMBER($AB$3),B72*$AB$3,B72*$Y$6)+IF(ISNUMBER($AB$4),C72*$AB$4,C72*$Y$6)+IF(ISNUMBER($AB$5),D72*$AB$5,D72*$Y$6)+IF(ISNUMBER($AB$6),E72*$AB$6,E72*$Y$6)+IF(ISNUMBER($AB$7),F72*$AB$7,F72*$Y$6)+IF(ISNUMBER($AB$8),G72*$AB$8,G72*$Y$6)+IF(ISNUMBER($AB$9),H72*$AB$9,H72*$Y$6)+IF(ISNUMBER($AB$10),I72*$AB$10,I72*$Y$6)+IF(ISNUMBER($AB$11),J72*$AB$11,J72*$Y$6)+IF(ISNUMBER($AB$12),K72*$AB$12,K72*$Y$6)+IF(ISNUMBER($AB$13),L72*$AB$13,L72*$Y$6)+IF(ISNUMBER($AB$14),M72*$AB$14,M72*$Y$6)+IF(ISNUMBER($AB$15),N72*$AB$15,N72*$Y$6)+IF(ISNUMBER($AB$16),O72*$AB$16,O72*$Y$6)+IF(ISNUMBER($AB$17),P72*$AB$17,P72*$Y$6)+IF(ISNUMBER($AB$18),Q72*$AB$18,Q72*$Y$6)+IF(ISNUMBER($AB$19),R72*$AB$19,R72*$Y$6) | U72: =T72-S72
